period,duoarea,area-name,product,product-name,process,process-name,series,series-description,value,units
2024-09-30,NUS,U.S.,EPM0,Total Gasoline,PTE,Retail Sales,EMM_EPM0_PTE_NUS_DPG,U.S. All Grades All Formulations Retail Gasoline Prices (Dollars per Gallon),3.303,$/GAL
2024-09-23,NUS,U.S.,EPM0,Total Gasoline,PTE,Retail Sales,EMM_EPM0_PTE_NUS_DPG,U.S. All Grades All Formulations Retail Gasoline Prices (Dollars per Gallon),3.311,$/GAL
2024-09-16,NUS,U.S.,EPM0,Total Gasoline,PTE,Retail Sales,EMM_EPM0_PTE_NUS_DPG,U.S. All Grades All Formulations Retail Gasoline Prices (Dollars per Gallon),3.307,$/GAL
2024-09-09,NUS,U.S.,EPM0,Total Gasoline,PTE,Retail Sales,EMM_EPM0_PTE_NUS_DPG,U.S. All Grades All Formulations Retail Gasoline Prices (Dollars per Gallon),3.36,$/GAL
2024-09-02,NUS,U.S.,EPM0,Total Gasoline,PTE,Retail Sales,EMM_EPM0_PTE_NUS_DPG,U.S. All Grades All Formulations Retail Gasoline Prices (Dollars per Gallon),3.411,$/GAL
2024-08-26,NUS,U.S.,EPM0,Total Gasoline,PTE,Retail Sales,EMM_EPM0_PTE_NUS_DPG,U.S. All Grades All Formulations Retail Gasoline Prices (Dollars per Gallon),3.433,$/GAL
2024-08-19,NUS,U.S.,EPM0,Total Gasoline,PTE,Retail Sales,EMM_EPM0_PTE_NUS_DPG,U.S. All Grades All Formulations Retail Gasoline Prices (Dollars per Gallon),3.5,$/GAL
2024-08-12,NUS,U.S.,EPM0,Total Gasoline,PTE,Retail Sales,EMM_EPM0_PTE_NUS_DPG,U.S. All Grades All Formulations Retail Gasoline Prices (Dollars per Gallon),3.53,$/GAL
2024-08-05,NUS,U.S.,EPM0,Total Gasoline,PTE,Retail Sales,EMM_EPM0_PTE_NUS_DPG,U.S. All Grades All Formulations Retail Gasoline Prices (Dollars per Gallon),3.563,$/GAL
2024-07-29,NUS,U.S.,EPM0,Total Gasoline,PTE,Retail Sales,EMM_EPM0_PTE_NUS_DPG,U.S. All Grades All Formulations Retail Gasoline Prices (Dollars per Gallon),3.598,$/GAL
2024-07-22,NUS,U.S.,EPM0,Total Gasoline,PTE,Retail Sales,EMM_EPM0_PTE_NUS_DPG,U.S. All Grades All Formulations Retail Gasoline Prices (Dollars per Gallon),3.587,$/GAL
2024-07-15,NUS,U.S.,EPM0,Total Gasoline,PTE,Retail Sales,EMM_EPM0_PTE_NUS_DPG,U.S. All Grades All Formulations Retail Gasoline Prices (Dollars per Gallon),3.614,$/GAL
2024-07-08,NUS,U.S.,EPM0,Total Gasoline,PTE,Retail Sales,EMM_EPM0_PTE_NUS_DPG,U.S. All Grades All Formulations Retail Gasoline Prices (Dollars per Gallon),3.608,$/GAL
2024-07-01,NUS,U.S.,EPM0,Total Gasoline,PTE,Retail Sales,EMM_EPM0_PTE_NUS_DPG,U.S. All Grades All Formulations Retail Gasoline Prices (Dollars per Gallon),3.595,$/GAL
2024-06-24,NUS,U.S.,EPM0,Total Gasoline,PTE,Retail Sales,EMM_EPM0_PTE_NUS_DPG,U.S. All Grades All Formulations Retail Gasoline Prices (Dollars per Gallon),3.557,$/GAL
2024-06-17,NUS,U.S.,EPM0,Total Gasoline,PTE,Retail Sales,EMM_EPM0_PTE_NUS_DPG,U.S. All Grades All Formulations Retail Gasoline Prices (Dollars per Gallon),3.556,$/GAL
2024-06-10,NUS,U.S.,EPM0,Total Gasoline,PTE,Retail Sales,EMM_EPM0_PTE_NUS_DPG,U.S. All Grades All Formulations Retail Gasoline Prices (Dollars per Gallon),3.551,$/GAL
2024-06-03,NUS,U.S.,EPM0,Total Gasoline,PTE,Retail Sales,EMM_EPM0_PTE_NUS_DPG,U.S. All Grades All Formulations Retail Gasoline Prices (Dollars per Gallon),3.638,$/GAL
2024-05-27,NUS,U.S.,EPM0,Total Gasoline,PTE,Retail Sales,EMM_EPM0_PTE_NUS_DPG,U.S. All Grades All Formulations Retail Gasoline Prices (Dollars per Gallon),3.698,$/GAL
2024-05-20,NUS,U.S.,EPM0,Total Gasoline,PTE,Retail Sales,EMM_EPM0_PTE_NUS_DPG,U.S. All Grades All Formulations Retail Gasoline Prices (Dollars per Gallon),3.706,$/GAL
2024-05-13,NUS,U.S.,EPM0,Total Gasoline,PTE,Retail Sales,EMM_EPM0_PTE_NUS_DPG,U.S. All Grades All Formulations Retail Gasoline Prices (Dollars per Gallon),3.731,$/GAL
2024-05-06,NUS,U.S.,EPM0,Total Gasoline,PTE,Retail Sales,EMM_EPM0_PTE_NUS_DPG,U.S. All Grades All Formulations Retail Gasoline Prices (Dollars per Gallon),3.766,$/GAL
2024-04-29,NUS,U.S.,EPM0,Total Gasoline,PTE,Retail Sales,EMM_EPM0_PTE_NUS_DPG,U.S. All Grades All Formulations Retail Gasoline Prices (Dollars per Gallon),3.777,$/GAL
2024-04-22,NUS,U.S.,EPM0,Total Gasoline,PTE,Retail Sales,EMM_EPM0_PTE_NUS_DPG,U.S. All Grades All Formulations Retail Gasoline Prices (Dollars per Gallon),3.791,$/GAL
2024-04-15,NUS,U.S.,EPM0,Total Gasoline,PTE,Retail Sales,EMM_EPM0_PTE_NUS_DPG,U.S. All Grades All Formulations Retail Gasoline Prices (Dollars per Gallon),3.751,$/GAL
2024-04-08,NUS,U.S.,EPM0,Total Gasoline,PTE,Retail Sales,EMM_EPM0_PTE_NUS_DPG,U.S. All Grades All Formulations Retail Gasoline Prices (Dollars per Gallon),3.712,$/GAL
2024-04-01,NUS,U.S.,EPM0,Total Gasoline,PTE,Retail Sales,EMM_EPM0_PTE_NUS_DPG,U.S. All Grades All Formulations Retail Gasoline Prices (Dollars per Gallon),3.636,$/GAL
2024-03-25,NUS,U.S.,EPM0,Total Gasoline,PTE,Retail Sales,EMM_EPM0_PTE_NUS_DPG,U.S. All Grades All Formulations Retail Gasoline Prices (Dollars per Gallon),3.639,$/GAL
2024-03-18,NUS,U.S.,EPM0,Total Gasoline,PTE,Retail Sales,EMM_EPM0_PTE_NUS_DPG,U.S. All Grades All Formulations Retail Gasoline Prices (Dollars per Gallon),3.569,$/GAL
2024-03-11,NUS,U.S.,EPM0,Total Gasoline,PTE,Retail Sales,EMM_EPM0_PTE_NUS_DPG,U.S. All Grades All Formulations Retail Gasoline Prices (Dollars per Gallon),3.492,$/GAL
2024-03-04,NUS,U.S.,EPM0,Total Gasoline,PTE,Retail Sales,EMM_EPM0_PTE_NUS_DPG,U.S. All Grades All Formulations Retail Gasoline Prices (Dollars per Gallon),3.466,$/GAL
2024-02-26,NUS,U.S.,EPM0,Total Gasoline,PTE,Retail Sales,EMM_EPM0_PTE_NUS_DPG,U.S. All Grades All Formulations Retail Gasoline Prices (Dollars per Gallon),3.365,$/GAL
2024-02-19,NUS,U.S.,EPM0,Total Gasoline,PTE,Retail Sales,EMM_EPM0_PTE_NUS_DPG,U.S. All Grades All Formulations Retail Gasoline Prices (Dollars per Gallon),3.385,$/GAL
2024-02-12,NUS,U.S.,EPM0,Total Gasoline,PTE,Retail Sales,EMM_EPM0_PTE_NUS_DPG,U.S. All Grades All Formulations Retail Gasoline Prices (Dollars per Gallon),3.309,$/GAL
2024-02-05,NUS,U.S.,EPM0,Total Gasoline,PTE,Retail Sales,EMM_EPM0_PTE_NUS_DPG,U.S. All Grades All Formulations Retail Gasoline Prices (Dollars per Gallon),3.254,$/GAL
2024-01-29,NUS,U.S.,EPM0,Total Gasoline,PTE,Retail Sales,EMM_EPM0_PTE_NUS_DPG,U.S. All Grades All Formulations Retail Gasoline Prices (Dollars per Gallon),3.214,$/GAL
2024-01-22,NUS,U.S.,EPM0,Total Gasoline,PTE,Retail Sales,EMM_EPM0_PTE_NUS_DPG,U.S. All Grades All Formulations Retail Gasoline Prices (Dollars per Gallon),3.181,$/GAL
2024-01-15,NUS,U.S.,EPM0,Total Gasoline,PTE,Retail Sales,EMM_EPM0_PTE_NUS_DPG,U.S. All Grades All Formulations Retail Gasoline Prices (Dollars per Gallon),3.179,$/GAL
2024-01-08,NUS,U.S.,EPM0,Total Gasoline,PTE,Retail Sales,EMM_EPM0_PTE_NUS_DPG,U.S. All Grades All Formulations Retail Gasoline Prices (Dollars per Gallon),3.197,$/GAL
2024-01-01,NUS,U.S.,EPM0,Total Gasoline,PTE,Retail Sales,EMM_EPM0_PTE_NUS_DPG,U.S. All Grades All Formulations Retail Gasoline Prices (Dollars per Gallon),3.213,$/GAL
2023-12-25,NUS,U.S.,EPM0,Total Gasoline,PTE,Retail Sales,EMM_EPM0_PTE_NUS_DPG,U.S. All Grades All Formulations Retail Gasoline Prices (Dollars per Gallon),3.238,$/GAL
2023-12-18,NUS,U.S.,EPM0,Total Gasoline,PTE,Retail Sales,EMM_EPM0_PTE_NUS_DPG,U.S. All Grades All Formulations Retail Gasoline Prices (Dollars per Gallon),3.176,$/GAL
2023-12-11,NUS,U.S.,EPM0,Total Gasoline,PTE,Retail Sales,EMM_EPM0_PTE_NUS_DPG,U.S. All Grades All Formulations Retail Gasoline Prices (Dollars per Gallon),3.259,$/GAL
2023-12-04,NUS,U.S.,EPM0,Total Gasoline,PTE,Retail Sales,EMM_EPM0_PTE_NUS_DPG,U.S. All Grades All Formulations Retail Gasoline Prices (Dollars per Gallon),3.355,$/GAL
2023-11-27,NUS,U.S.,EPM0,Total Gasoline,PTE,Retail Sales,EMM_EPM0_PTE_NUS_DPG,U.S. All Grades All Formulations Retail Gasoline Prices (Dollars per Gallon),3.363,$/GAL
2023-11-20,NUS,U.S.,EPM0,Total Gasoline,PTE,Retail Sales,EMM_EPM0_PTE_NUS_DPG,U.S. All Grades All Formulations Retail Gasoline Prices (Dollars per Gallon),3.414,$/GAL
2023-11-13,NUS,U.S.,EPM0,Total Gasoline,PTE,Retail Sales,EMM_EPM0_PTE_NUS_DPG,U.S. All Grades All Formulations Retail Gasoline Prices (Dollars per Gallon),3.473,$/GAL
2023-11-06,NUS,U.S.,EPM0,Total Gasoline,PTE,Retail Sales,EMM_EPM0_PTE_NUS_DPG,U.S. All Grades All Formulations Retail Gasoline Prices (Dollars per Gallon),3.52,$/GAL
2023-10-30,NUS,U.S.,EPM0,Total Gasoline,PTE,Retail Sales,EMM_EPM0_PTE_NUS_DPG,U.S. All Grades All Formulations Retail Gasoline Prices (Dollars per Gallon),3.6,$/GAL
2023-10-23,NUS,U.S.,EPM0,Total Gasoline,PTE,Retail Sales,EMM_EPM0_PTE_NUS_DPG,U.S. All Grades All Formulations Retail Gasoline Prices (Dollars per Gallon),3.66,$/GAL
2023-10-16,NUS,U.S.,EPM0,Total Gasoline,PTE,Retail Sales,EMM_EPM0_PTE_NUS_DPG,U.S. All Grades All Formulations Retail Gasoline Prices (Dollars per Gallon),3.706,$/GAL
2023-10-09,NUS,U.S.,EPM0,Total Gasoline,PTE,Retail Sales,EMM_EPM0_PTE_NUS_DPG,U.S. All Grades All Formulations Retail Gasoline Prices (Dollars per Gallon),3.814,$/GAL
2023-10-02,NUS,U.S.,EPM0,Total Gasoline,PTE,Retail Sales,EMM_EPM0_PTE_NUS_DPG,U.S. All Grades All Formulations Retail Gasoline Prices (Dollars per Gallon),3.93,$/GAL
2023-09-25,NUS,U.S.,EPM0,Total Gasoline,PTE,Retail Sales,EMM_EPM0_PTE_NUS_DPG,U.S. All Grades All Formulations Retail Gasoline Prices (Dollars per Gallon),3.963,$/GAL
2023-09-18,NUS,U.S.,EPM0,Total Gasoline,PTE,Retail Sales,EMM_EPM0_PTE_NUS_DPG,U.S. All Grades All Formulations Retail Gasoline Prices (Dollars per Gallon),4.001,$/GAL
2023-09-11,NUS,U.S.,EPM0,Total Gasoline,PTE,Retail Sales,EMM_EPM0_PTE_NUS_DPG,U.S. All Grades All Formulations Retail Gasoline Prices (Dollars per Gallon),3.941,$/GAL
2023-09-04,NUS,U.S.,EPM0,Total Gasoline,PTE,Retail Sales,EMM_EPM0_PTE_NUS_DPG,U.S. All Grades All Formulations Retail Gasoline Prices (Dollars per Gallon),3.925,$/GAL
2023-08-28,NUS,U.S.,EPM0,Total Gasoline,PTE,Retail Sales,EMM_EPM0_PTE_NUS_DPG,U.S. All Grades All Formulations Retail Gasoline Prices (Dollars per Gallon),3.931,$/GAL
2023-08-21,NUS,U.S.,EPM0,Total Gasoline,PTE,Retail Sales,EMM_EPM0_PTE_NUS_DPG,U.S. All Grades All Formulations Retail Gasoline Prices (Dollars per Gallon),3.984,$/GAL
2023-08-14,NUS,U.S.,EPM0,Total Gasoline,PTE,Retail Sales,EMM_EPM0_PTE_NUS_DPG,U.S. All Grades All Formulations Retail Gasoline Prices (Dollars per Gallon),3.962,$/GAL
2023-08-07,NUS,U.S.,EPM0,Total Gasoline,PTE,Retail Sales,EMM_EPM0_PTE_NUS_DPG,U.S. All Grades All Formulations Retail Gasoline Prices (Dollars per Gallon),3.94,$/GAL
2023-07-31,NUS,U.S.,EPM0,Total Gasoline,PTE,Retail Sales,EMM_EPM0_PTE_NUS_DPG,U.S. All Grades All Formulations Retail Gasoline Prices (Dollars per Gallon),3.869,$/GAL
2023-07-24,NUS,U.S.,EPM0,Total Gasoline,PTE,Retail Sales,EMM_EPM0_PTE_NUS_DPG,U.S. All Grades All Formulations Retail Gasoline Prices (Dollars per Gallon),3.711,$/GAL
2023-07-17,NUS,U.S.,EPM0,Total Gasoline,PTE,Retail Sales,EMM_EPM0_PTE_NUS_DPG,U.S. All Grades All Formulations Retail Gasoline Prices (Dollars per Gallon),3.676,$/GAL
2023-07-10,NUS,U.S.,EPM0,Total Gasoline,PTE,Retail Sales,EMM_EPM0_PTE_NUS_DPG,U.S. All Grades All Formulations Retail Gasoline Prices (Dollars per Gallon),3.663,$/GAL
2023-07-03,NUS,U.S.,EPM0,Total Gasoline,PTE,Retail Sales,EMM_EPM0_PTE_NUS_DPG,U.S. All Grades All Formulations Retail Gasoline Prices (Dollars per Gallon),3.643,$/GAL
2023-06-26,NUS,U.S.,EPM0,Total Gasoline,PTE,Retail Sales,EMM_EPM0_PTE_NUS_DPG,U.S. All Grades All Formulations Retail Gasoline Prices (Dollars per Gallon),3.685,$/GAL
2023-06-19,NUS,U.S.,EPM0,Total Gasoline,PTE,Retail Sales,EMM_EPM0_PTE_NUS_DPG,U.S. All Grades All Formulations Retail Gasoline Prices (Dollars per Gallon),3.69,$/GAL
2023-06-12,NUS,U.S.,EPM0,Total Gasoline,PTE,Retail Sales,EMM_EPM0_PTE_NUS_DPG,U.S. All Grades All Formulations Retail Gasoline Prices (Dollars per Gallon),3.707,$/GAL
2023-06-05,NUS,U.S.,EPM0,Total Gasoline,PTE,Retail Sales,EMM_EPM0_PTE_NUS_DPG,U.S. All Grades All Formulations Retail Gasoline Prices (Dollars per Gallon),3.655,$/GAL
2023-05-29,NUS,U.S.,EPM0,Total Gasoline,PTE,Retail Sales,EMM_EPM0_PTE_NUS_DPG,U.S. All Grades All Formulations Retail Gasoline Prices (Dollars per Gallon),3.684,$/GAL
2023-05-22,NUS,U.S.,EPM0,Total Gasoline,PTE,Retail Sales,EMM_EPM0_PTE_NUS_DPG,U.S. All Grades All Formulations Retail Gasoline Prices (Dollars per Gallon),3.645,$/GAL
2023-05-15,NUS,U.S.,EPM0,Total Gasoline,PTE,Retail Sales,EMM_EPM0_PTE_NUS_DPG,U.S. All Grades All Formulations Retail Gasoline Prices (Dollars per Gallon),3.647,$/GAL
2023-05-08,NUS,U.S.,EPM0,Total Gasoline,PTE,Retail Sales,EMM_EPM0_PTE_NUS_DPG,U.S. All Grades All Formulations Retail Gasoline Prices (Dollars per Gallon),3.644,$/GAL
2023-05-01,NUS,U.S.,EPM0,Total Gasoline,PTE,Retail Sales,EMM_EPM0_PTE_NUS_DPG,U.S. All Grades All Formulations Retail Gasoline Prices (Dollars per Gallon),3.711,$/GAL
2023-04-24,NUS,U.S.,EPM0,Total Gasoline,PTE,Retail Sales,EMM_EPM0_PTE_NUS_DPG,U.S. All Grades All Formulations Retail Gasoline Prices (Dollars per Gallon),3.765,$/GAL
2023-04-17,NUS,U.S.,EPM0,Total Gasoline,PTE,Retail Sales,EMM_EPM0_PTE_NUS_DPG,U.S. All Grades All Formulations Retail Gasoline Prices (Dollars per Gallon),3.769,$/GAL
2023-04-10,NUS,U.S.,EPM0,Total Gasoline,PTE,Retail Sales,EMM_EPM0_PTE_NUS_DPG,U.S. All Grades All Formulations Retail Gasoline Prices (Dollars per Gallon),3.703,$/GAL
2023-04-03,NUS,U.S.,EPM0,Total Gasoline,PTE,Retail Sales,EMM_EPM0_PTE_NUS_DPG,U.S. All Grades All Formulations Retail Gasoline Prices (Dollars per Gallon),3.606,$/GAL
2023-03-27,NUS,U.S.,EPM0,Total Gasoline,PTE,Retail Sales,EMM_EPM0_PTE_NUS_DPG,U.S. All Grades All Formulations Retail Gasoline Prices (Dollars per Gallon),3.533,$/GAL
2023-03-20,NUS,U.S.,EPM0,Total Gasoline,PTE,Retail Sales,EMM_EPM0_PTE_NUS_DPG,U.S. All Grades All Formulations Retail Gasoline Prices (Dollars per Gallon),3.534,$/GAL
2023-03-13,NUS,U.S.,EPM0,Total Gasoline,PTE,Retail Sales,EMM_EPM0_PTE_NUS_DPG,U.S. All Grades All Formulations Retail Gasoline Prices (Dollars per Gallon),3.568,$/GAL
2023-03-06,NUS,U.S.,EPM0,Total Gasoline,PTE,Retail Sales,EMM_EPM0_PTE_NUS_DPG,U.S. All Grades All Formulations Retail Gasoline Prices (Dollars per Gallon),3.505,$/GAL
2023-02-27,NUS,U.S.,EPM0,Total Gasoline,PTE,Retail Sales,EMM_EPM0_PTE_NUS_DPG,U.S. All Grades All Formulations Retail Gasoline Prices (Dollars per Gallon),3.457,$/GAL
2023-02-20,NUS,U.S.,EPM0,Total Gasoline,PTE,Retail Sales,EMM_EPM0_PTE_NUS_DPG,U.S. All Grades All Formulations Retail Gasoline Prices (Dollars per Gallon),3.494,$/GAL
2023-02-13,NUS,U.S.,EPM0,Total Gasoline,PTE,Retail Sales,EMM_EPM0_PTE_NUS_DPG,U.S. All Grades All Formulations Retail Gasoline Prices (Dollars per Gallon),3.502,$/GAL
2023-02-06,NUS,U.S.,EPM0,Total Gasoline,PTE,Retail Sales,EMM_EPM0_PTE_NUS_DPG,U.S. All Grades All Formulations Retail Gasoline Prices (Dollars per Gallon),3.552,$/GAL
2023-01-30,NUS,U.S.,EPM0,Total Gasoline,PTE,Retail Sales,EMM_EPM0_PTE_NUS_DPG,U.S. All Grades All Formulations Retail Gasoline Prices (Dollars per Gallon),3.594,$/GAL
2023-01-23,NUS,U.S.,EPM0,Total Gasoline,PTE,Retail Sales,EMM_EPM0_PTE_NUS_DPG,U.S. All Grades All Formulations Retail Gasoline Prices (Dollars per Gallon),3.519,$/GAL
2023-01-16,NUS,U.S.,EPM0,Total Gasoline,PTE,Retail Sales,EMM_EPM0_PTE_NUS_DPG,U.S. All Grades All Formulations Retail Gasoline Prices (Dollars per Gallon),3.416,$/GAL
2023-01-09,NUS,U.S.,EPM0,Total Gasoline,PTE,Retail Sales,EMM_EPM0_PTE_NUS_DPG,U.S. All Grades All Formulations Retail Gasoline Prices (Dollars per Gallon),3.366,$/GAL
2023-01-02,NUS,U.S.,EPM0,Total Gasoline,PTE,Retail Sales,EMM_EPM0_PTE_NUS_DPG,U.S. All Grades All Formulations Retail Gasoline Prices (Dollars per Gallon),3.331,$/GAL
2022-12-26,NUS,U.S.,EPM0,Total Gasoline,PTE,Retail Sales,EMM_EPM0_PTE_NUS_DPG,U.S. All Grades All Formulations Retail Gasoline Prices (Dollars per Gallon),3.203,$/GAL
2022-12-19,NUS,U.S.,EPM0,Total Gasoline,PTE,Retail Sales,EMM_EPM0_PTE_NUS_DPG,U.S. All Grades All Formulations Retail Gasoline Prices (Dollars per Gallon),3.234,$/GAL
2022-12-12,NUS,U.S.,EPM0,Total Gasoline,PTE,Retail Sales,EMM_EPM0_PTE_NUS_DPG,U.S. All Grades All Formulations Retail Gasoline Prices (Dollars per Gallon),3.353,$/GAL
2022-12-05,NUS,U.S.,EPM0,Total Gasoline,PTE,Retail Sales,EMM_EPM0_PTE_NUS_DPG,U.S. All Grades All Formulations Retail Gasoline Prices (Dollars per Gallon),3.504,$/GAL
2022-11-28,NUS,U.S.,EPM0,Total Gasoline,PTE,Retail Sales,EMM_EPM0_PTE_NUS_DPG,U.S. All Grades All Formulations Retail Gasoline Prices (Dollars per Gallon),3.649,$/GAL
2022-11-21,NUS,U.S.,EPM0,Total Gasoline,PTE,Retail Sales,EMM_EPM0_PTE_NUS_DPG,U.S. All Grades All Formulations Retail Gasoline Prices (Dollars per Gallon),3.763,$/GAL
2022-11-14,NUS,U.S.,EPM0,Total Gasoline,PTE,Retail Sales,EMM_EPM0_PTE_NUS_DPG,U.S. All Grades All Formulations Retail Gasoline Prices (Dollars per Gallon),3.876,$/GAL
2022-11-07,NUS,U.S.,EPM0,Total Gasoline,PTE,Retail Sales,EMM_EPM0_PTE_NUS_DPG,U.S. All Grades All Formulations Retail Gasoline Prices (Dollars per Gallon),3.909,$/GAL
2022-10-31,NUS,U.S.,EPM0,Total Gasoline,PTE,Retail Sales,EMM_EPM0_PTE_NUS_DPG,U.S. All Grades All Formulations Retail Gasoline Prices (Dollars per Gallon),3.857,$/GAL
2022-10-24,NUS,U.S.,EPM0,Total Gasoline,PTE,Retail Sales,EMM_EPM0_PTE_NUS_DPG,U.S. All Grades All Formulations Retail Gasoline Prices (Dollars per Gallon),3.887,$/GAL
2022-10-17,NUS,U.S.,EPM0,Total Gasoline,PTE,Retail Sales,EMM_EPM0_PTE_NUS_DPG,U.S. All Grades All Formulations Retail Gasoline Prices (Dollars per Gallon),3.99,$/GAL
2022-10-10,NUS,U.S.,EPM0,Total Gasoline,PTE,Retail Sales,EMM_EPM0_PTE_NUS_DPG,U.S. All Grades All Formulations Retail Gasoline Prices (Dollars per Gallon),4.034,$/GAL
2022-10-03,NUS,U.S.,EPM0,Total Gasoline,PTE,Retail Sales,EMM_EPM0_PTE_NUS_DPG,U.S. All Grades All Formulations Retail Gasoline Prices (Dollars per Gallon),3.909,$/GAL
2022-09-26,NUS,U.S.,EPM0,Total Gasoline,PTE,Retail Sales,EMM_EPM0_PTE_NUS_DPG,U.S. All Grades All Formulations Retail Gasoline Prices (Dollars per Gallon),3.832,$/GAL
2022-09-19,NUS,U.S.,EPM0,Total Gasoline,PTE,Retail Sales,EMM_EPM0_PTE_NUS_DPG,U.S. All Grades All Formulations Retail Gasoline Prices (Dollars per Gallon),3.771,$/GAL
2022-09-12,NUS,U.S.,EPM0,Total Gasoline,PTE,Retail Sales,EMM_EPM0_PTE_NUS_DPG,U.S. All Grades All Formulations Retail Gasoline Prices (Dollars per Gallon),3.805,$/GAL
2022-09-05,NUS,U.S.,EPM0,Total Gasoline,PTE,Retail Sales,EMM_EPM0_PTE_NUS_DPG,U.S. All Grades All Formulations Retail Gasoline Prices (Dollars per Gallon),3.859,$/GAL
2022-08-29,NUS,U.S.,EPM0,Total Gasoline,PTE,Retail Sales,EMM_EPM0_PTE_NUS_DPG,U.S. All Grades All Formulations Retail Gasoline Prices (Dollars per Gallon),3.938,$/GAL
2022-08-22,NUS,U.S.,EPM0,Total Gasoline,PTE,Retail Sales,EMM_EPM0_PTE_NUS_DPG,U.S. All Grades All Formulations Retail Gasoline Prices (Dollars per Gallon),3.993,$/GAL
2022-08-15,NUS,U.S.,EPM0,Total Gasoline,PTE,Retail Sales,EMM_EPM0_PTE_NUS_DPG,U.S. All Grades All Formulations Retail Gasoline Prices (Dollars per Gallon),4.051,$/GAL
2022-08-08,NUS,U.S.,EPM0,Total Gasoline,PTE,Retail Sales,EMM_EPM0_PTE_NUS_DPG,U.S. All Grades All Formulations Retail Gasoline Prices (Dollars per Gallon),4.151,$/GAL
2022-08-01,NUS,U.S.,EPM0,Total Gasoline,PTE,Retail Sales,EMM_EPM0_PTE_NUS_DPG,U.S. All Grades All Formulations Retail Gasoline Prices (Dollars per Gallon),4.304,$/GAL
2022-07-25,NUS,U.S.,EPM0,Total Gasoline,PTE,Retail Sales,EMM_EPM0_PTE_NUS_DPG,U.S. All Grades All Formulations Retail Gasoline Prices (Dollars per Gallon),4.44,$/GAL
2022-07-18,NUS,U.S.,EPM0,Total Gasoline,PTE,Retail Sales,EMM_EPM0_PTE_NUS_DPG,U.S. All Grades All Formulations Retail Gasoline Prices (Dollars per Gallon),4.599,$/GAL
2022-07-11,NUS,U.S.,EPM0,Total Gasoline,PTE,Retail Sales,EMM_EPM0_PTE_NUS_DPG,U.S. All Grades All Formulations Retail Gasoline Prices (Dollars per Gallon),4.754,$/GAL
2022-07-04,NUS,U.S.,EPM0,Total Gasoline,PTE,Retail Sales,EMM_EPM0_PTE_NUS_DPG,U.S. All Grades All Formulations Retail Gasoline Prices (Dollars per Gallon),4.879,$/GAL
2022-06-27,NUS,U.S.,EPM0,Total Gasoline,PTE,Retail Sales,EMM_EPM0_PTE_NUS_DPG,U.S. All Grades All Formulations Retail Gasoline Prices (Dollars per Gallon),4.979,$/GAL
2022-06-20,NUS,U.S.,EPM0,Total Gasoline,PTE,Retail Sales,EMM_EPM0_PTE_NUS_DPG,U.S. All Grades All Formulations Retail Gasoline Prices (Dollars per Gallon),5.066,$/GAL
2022-06-13,NUS,U.S.,EPM0,Total Gasoline,PTE,Retail Sales,EMM_EPM0_PTE_NUS_DPG,U.S. All Grades All Formulations Retail Gasoline Prices (Dollars per Gallon),5.107,$/GAL
2022-06-06,NUS,U.S.,EPM0,Total Gasoline,PTE,Retail Sales,EMM_EPM0_PTE_NUS_DPG,U.S. All Grades All Formulations Retail Gasoline Prices (Dollars per Gallon),4.977,$/GAL
2022-05-30,NUS,U.S.,EPM0,Total Gasoline,PTE,Retail Sales,EMM_EPM0_PTE_NUS_DPG,U.S. All Grades All Formulations Retail Gasoline Prices (Dollars per Gallon),4.727,$/GAL
2022-05-23,NUS,U.S.,EPM0,Total Gasoline,PTE,Retail Sales,EMM_EPM0_PTE_NUS_DPG,U.S. All Grades All Formulations Retail Gasoline Prices (Dollars per Gallon),4.694,$/GAL
2022-05-16,NUS,U.S.,EPM0,Total Gasoline,PTE,Retail Sales,EMM_EPM0_PTE_NUS_DPG,U.S. All Grades All Formulations Retail Gasoline Prices (Dollars per Gallon),4.591,$/GAL
2022-05-09,NUS,U.S.,EPM0,Total Gasoline,PTE,Retail Sales,EMM_EPM0_PTE_NUS_DPG,U.S. All Grades All Formulations Retail Gasoline Prices (Dollars per Gallon),4.428,$/GAL
2022-05-02,NUS,U.S.,EPM0,Total Gasoline,PTE,Retail Sales,EMM_EPM0_PTE_NUS_DPG,U.S. All Grades All Formulations Retail Gasoline Prices (Dollars per Gallon),4.285,$/GAL
2022-04-25,NUS,U.S.,EPM0,Total Gasoline,PTE,Retail Sales,EMM_EPM0_PTE_NUS_DPG,U.S. All Grades All Formulations Retail Gasoline Prices (Dollars per Gallon),4.211,$/GAL
2022-04-18,NUS,U.S.,EPM0,Total Gasoline,PTE,Retail Sales,EMM_EPM0_PTE_NUS_DPG,U.S. All Grades All Formulations Retail Gasoline Prices (Dollars per Gallon),4.17,$/GAL
2022-04-11,NUS,U.S.,EPM0,Total Gasoline,PTE,Retail Sales,EMM_EPM0_PTE_NUS_DPG,U.S. All Grades All Formulations Retail Gasoline Prices (Dollars per Gallon),4.196,$/GAL
2022-04-04,NUS,U.S.,EPM0,Total Gasoline,PTE,Retail Sales,EMM_EPM0_PTE_NUS_DPG,U.S. All Grades All Formulations Retail Gasoline Prices (Dollars per Gallon),4.274,$/GAL
2022-03-28,NUS,U.S.,EPM0,Total Gasoline,PTE,Retail Sales,EMM_EPM0_PTE_NUS_DPG,U.S. All Grades All Formulations Retail Gasoline Prices (Dollars per Gallon),4.334,$/GAL
2022-03-21,NUS,U.S.,EPM0,Total Gasoline,PTE,Retail Sales,EMM_EPM0_PTE_NUS_DPG,U.S. All Grades All Formulations Retail Gasoline Prices (Dollars per Gallon),4.343,$/GAL
2022-03-14,NUS,U.S.,EPM0,Total Gasoline,PTE,Retail Sales,EMM_EPM0_PTE_NUS_DPG,U.S. All Grades All Formulations Retail Gasoline Prices (Dollars per Gallon),4.414,$/GAL
2022-03-07,NUS,U.S.,EPM0,Total Gasoline,PTE,Retail Sales,EMM_EPM0_PTE_NUS_DPG,U.S. All Grades All Formulations Retail Gasoline Prices (Dollars per Gallon),4.196,$/GAL
2022-02-28,NUS,U.S.,EPM0,Total Gasoline,PTE,Retail Sales,EMM_EPM0_PTE_NUS_DPG,U.S. All Grades All Formulations Retail Gasoline Prices (Dollars per Gallon),3.701,$/GAL
2022-02-21,NUS,U.S.,EPM0,Total Gasoline,PTE,Retail Sales,EMM_EPM0_PTE_NUS_DPG,U.S. All Grades All Formulations Retail Gasoline Prices (Dollars per Gallon),3.624,$/GAL
2022-02-14,NUS,U.S.,EPM0,Total Gasoline,PTE,Retail Sales,EMM_EPM0_PTE_NUS_DPG,U.S. All Grades All Formulations Retail Gasoline Prices (Dollars per Gallon),3.581,$/GAL
2022-02-07,NUS,U.S.,EPM0,Total Gasoline,PTE,Retail Sales,EMM_EPM0_PTE_NUS_DPG,U.S. All Grades All Formulations Retail Gasoline Prices (Dollars per Gallon),3.538,$/GAL
2022-01-31,NUS,U.S.,EPM0,Total Gasoline,PTE,Retail Sales,EMM_EPM0_PTE_NUS_DPG,U.S. All Grades All Formulations Retail Gasoline Prices (Dollars per Gallon),3.464,$/GAL
2022-01-24,NUS,U.S.,EPM0,Total Gasoline,PTE,Retail Sales,EMM_EPM0_PTE_NUS_DPG,U.S. All Grades All Formulations Retail Gasoline Prices (Dollars per Gallon),3.421,$/GAL
2022-01-17,NUS,U.S.,EPM0,Total Gasoline,PTE,Retail Sales,EMM_EPM0_PTE_NUS_DPG,U.S. All Grades All Formulations Retail Gasoline Prices (Dollars per Gallon),3.404,$/GAL
2022-01-10,NUS,U.S.,EPM0,Total Gasoline,PTE,Retail Sales,EMM_EPM0_PTE_NUS_DPG,U.S. All Grades All Formulations Retail Gasoline Prices (Dollars per Gallon),3.394,$/GAL
2022-01-03,NUS,U.S.,EPM0,Total Gasoline,PTE,Retail Sales,EMM_EPM0_PTE_NUS_DPG,U.S. All Grades All Formulations Retail Gasoline Prices (Dollars per Gallon),3.381,$/GAL
2021-12-27,NUS,U.S.,EPM0,Total Gasoline,PTE,Retail Sales,EMM_EPM0_PTE_NUS_DPG,U.S. All Grades All Formulations Retail Gasoline Prices (Dollars per Gallon),3.375,$/GAL
2021-12-20,NUS,U.S.,EPM0,Total Gasoline,PTE,Retail Sales,EMM_EPM0_PTE_NUS_DPG,U.S. All Grades All Formulations Retail Gasoline Prices (Dollars per Gallon),3.395,$/GAL
2021-12-13,NUS,U.S.,EPM0,Total Gasoline,PTE,Retail Sales,EMM_EPM0_PTE_NUS_DPG,U.S. All Grades All Formulations Retail Gasoline Prices (Dollars per Gallon),3.414,$/GAL
2021-12-06,NUS,U.S.,EPM0,Total Gasoline,PTE,Retail Sales,EMM_EPM0_PTE_NUS_DPG,U.S. All Grades All Formulations Retail Gasoline Prices (Dollars per Gallon),3.44,$/GAL
2021-11-29,NUS,U.S.,EPM0,Total Gasoline,PTE,Retail Sales,EMM_EPM0_PTE_NUS_DPG,U.S. All Grades All Formulations Retail Gasoline Prices (Dollars per Gallon),3.478,$/GAL
2021-11-22,NUS,U.S.,EPM0,Total Gasoline,PTE,Retail Sales,EMM_EPM0_PTE_NUS_DPG,U.S. All Grades All Formulations Retail Gasoline Prices (Dollars per Gallon),3.493,$/GAL
2021-11-15,NUS,U.S.,EPM0,Total Gasoline,PTE,Retail Sales,EMM_EPM0_PTE_NUS_DPG,U.S. All Grades All Formulations Retail Gasoline Prices (Dollars per Gallon),3.495,$/GAL
2021-11-08,NUS,U.S.,EPM0,Total Gasoline,PTE,Retail Sales,EMM_EPM0_PTE_NUS_DPG,U.S. All Grades All Formulations Retail Gasoline Prices (Dollars per Gallon),3.505,$/GAL
2021-11-01,NUS,U.S.,EPM0,Total Gasoline,PTE,Retail Sales,EMM_EPM0_PTE_NUS_DPG,U.S. All Grades All Formulations Retail Gasoline Prices (Dollars per Gallon),3.484,$/GAL
2021-10-25,NUS,U.S.,EPM0,Total Gasoline,PTE,Retail Sales,EMM_EPM0_PTE_NUS_DPG,U.S. All Grades All Formulations Retail Gasoline Prices (Dollars per Gallon),3.476,$/GAL
2021-10-18,NUS,U.S.,EPM0,Total Gasoline,PTE,Retail Sales,EMM_EPM0_PTE_NUS_DPG,U.S. All Grades All Formulations Retail Gasoline Prices (Dollars per Gallon),3.416,$/GAL
2021-10-11,NUS,U.S.,EPM0,Total Gasoline,PTE,Retail Sales,EMM_EPM0_PTE_NUS_DPG,U.S. All Grades All Formulations Retail Gasoline Prices (Dollars per Gallon),3.36,$/GAL
2021-10-04,NUS,U.S.,EPM0,Total Gasoline,PTE,Retail Sales,EMM_EPM0_PTE_NUS_DPG,U.S. All Grades All Formulations Retail Gasoline Prices (Dollars per Gallon),3.285,$/GAL
2021-09-27,NUS,U.S.,EPM0,Total Gasoline,PTE,Retail Sales,EMM_EPM0_PTE_NUS_DPG,U.S. All Grades All Formulations Retail Gasoline Prices (Dollars per Gallon),3.271,$/GAL
2021-09-20,NUS,U.S.,EPM0,Total Gasoline,PTE,Retail Sales,EMM_EPM0_PTE_NUS_DPG,U.S. All Grades All Formulations Retail Gasoline Prices (Dollars per Gallon),3.28,$/GAL
2021-09-13,NUS,U.S.,EPM0,Total Gasoline,PTE,Retail Sales,EMM_EPM0_PTE_NUS_DPG,U.S. All Grades All Formulations Retail Gasoline Prices (Dollars per Gallon),3.262,$/GAL
2021-09-06,NUS,U.S.,EPM0,Total Gasoline,PTE,Retail Sales,EMM_EPM0_PTE_NUS_DPG,U.S. All Grades All Formulations Retail Gasoline Prices (Dollars per Gallon),3.273,$/GAL
2021-08-30,NUS,U.S.,EPM0,Total Gasoline,PTE,Retail Sales,EMM_EPM0_PTE_NUS_DPG,U.S. All Grades All Formulations Retail Gasoline Prices (Dollars per Gallon),3.237,$/GAL
2021-08-23,NUS,U.S.,EPM0,Total Gasoline,PTE,Retail Sales,EMM_EPM0_PTE_NUS_DPG,U.S. All Grades All Formulations Retail Gasoline Prices (Dollars per Gallon),3.243,$/GAL
2021-08-16,NUS,U.S.,EPM0,Total Gasoline,PTE,Retail Sales,EMM_EPM0_PTE_NUS_DPG,U.S. All Grades All Formulations Retail Gasoline Prices (Dollars per Gallon),3.272,$/GAL
2021-08-09,NUS,U.S.,EPM0,Total Gasoline,PTE,Retail Sales,EMM_EPM0_PTE_NUS_DPG,U.S. All Grades All Formulations Retail Gasoline Prices (Dollars per Gallon),3.269,$/GAL
2021-08-02,NUS,U.S.,EPM0,Total Gasoline,PTE,Retail Sales,EMM_EPM0_PTE_NUS_DPG,U.S. All Grades All Formulations Retail Gasoline Prices (Dollars per Gallon),3.256,$/GAL
2021-07-26,NUS,U.S.,EPM0,Total Gasoline,PTE,Retail Sales,EMM_EPM0_PTE_NUS_DPG,U.S. All Grades All Formulations Retail Gasoline Prices (Dollars per Gallon),3.232,$/GAL
2021-07-19,NUS,U.S.,EPM0,Total Gasoline,PTE,Retail Sales,EMM_EPM0_PTE_NUS_DPG,U.S. All Grades All Formulations Retail Gasoline Prices (Dollars per Gallon),3.247,$/GAL
2021-07-12,NUS,U.S.,EPM0,Total Gasoline,PTE,Retail Sales,EMM_EPM0_PTE_NUS_DPG,U.S. All Grades All Formulations Retail Gasoline Prices (Dollars per Gallon),3.227,$/GAL
2021-07-05,NUS,U.S.,EPM0,Total Gasoline,PTE,Retail Sales,EMM_EPM0_PTE_NUS_DPG,U.S. All Grades All Formulations Retail Gasoline Prices (Dollars per Gallon),3.216,$/GAL
2021-06-28,NUS,U.S.,EPM0,Total Gasoline,PTE,Retail Sales,EMM_EPM0_PTE_NUS_DPG,U.S. All Grades All Formulations Retail Gasoline Prices (Dollars per Gallon),3.185,$/GAL
2021-06-21,NUS,U.S.,EPM0,Total Gasoline,PTE,Retail Sales,EMM_EPM0_PTE_NUS_DPG,U.S. All Grades All Formulations Retail Gasoline Prices (Dollars per Gallon),3.153,$/GAL
2021-06-14,NUS,U.S.,EPM0,Total Gasoline,PTE,Retail Sales,EMM_EPM0_PTE_NUS_DPG,U.S. All Grades All Formulations Retail Gasoline Prices (Dollars per Gallon),3.161,$/GAL
2021-06-07,NUS,U.S.,EPM0,Total Gasoline,PTE,Retail Sales,EMM_EPM0_PTE_NUS_DPG,U.S. All Grades All Formulations Retail Gasoline Prices (Dollars per Gallon),3.128,$/GAL
2021-05-31,NUS,U.S.,EPM0,Total Gasoline,PTE,Retail Sales,EMM_EPM0_PTE_NUS_DPG,U.S. All Grades All Formulations Retail Gasoline Prices (Dollars per Gallon),3.119,$/GAL
2021-05-24,NUS,U.S.,EPM0,Total Gasoline,PTE,Retail Sales,EMM_EPM0_PTE_NUS_DPG,U.S. All Grades All Formulations Retail Gasoline Prices (Dollars per Gallon),3.112,$/GAL
2021-05-17,NUS,U.S.,EPM0,Total Gasoline,PTE,Retail Sales,EMM_EPM0_PTE_NUS_DPG,U.S. All Grades All Formulations Retail Gasoline Prices (Dollars per Gallon),3.118,$/GAL
2021-05-10,NUS,U.S.,EPM0,Total Gasoline,PTE,Retail Sales,EMM_EPM0_PTE_NUS_DPG,U.S. All Grades All Formulations Retail Gasoline Prices (Dollars per Gallon),3.051,$/GAL
2021-05-03,NUS,U.S.,EPM0,Total Gasoline,PTE,Retail Sales,EMM_EPM0_PTE_NUS_DPG,U.S. All Grades All Formulations Retail Gasoline Prices (Dollars per Gallon),2.981,$/GAL
2021-04-26,NUS,U.S.,EPM0,Total Gasoline,PTE,Retail Sales,EMM_EPM0_PTE_NUS_DPG,U.S. All Grades All Formulations Retail Gasoline Prices (Dollars per Gallon),2.962,$/GAL
2021-04-19,NUS,U.S.,EPM0,Total Gasoline,PTE,Retail Sales,EMM_EPM0_PTE_NUS_DPG,U.S. All Grades All Formulations Retail Gasoline Prices (Dollars per Gallon),2.945,$/GAL
2021-04-12,NUS,U.S.,EPM0,Total Gasoline,PTE,Retail Sales,EMM_EPM0_PTE_NUS_DPG,U.S. All Grades All Formulations Retail Gasoline Prices (Dollars per Gallon),2.939,$/GAL
2021-04-05,NUS,U.S.,EPM0,Total Gasoline,PTE,Retail Sales,EMM_EPM0_PTE_NUS_DPG,U.S. All Grades All Formulations Retail Gasoline Prices (Dollars per Gallon),2.945,$/GAL
2021-03-29,NUS,U.S.,EPM0,Total Gasoline,PTE,Retail Sales,EMM_EPM0_PTE_NUS_DPG,U.S. All Grades All Formulations Retail Gasoline Prices (Dollars per Gallon),2.941,$/GAL
2021-03-22,NUS,U.S.,EPM0,Total Gasoline,PTE,Retail Sales,EMM_EPM0_PTE_NUS_DPG,U.S. All Grades All Formulations Retail Gasoline Prices (Dollars per Gallon),2.954,$/GAL
2021-03-15,NUS,U.S.,EPM0,Total Gasoline,PTE,Retail Sales,EMM_EPM0_PTE_NUS_DPG,U.S. All Grades All Formulations Retail Gasoline Prices (Dollars per Gallon),2.94,$/GAL
2021-03-08,NUS,U.S.,EPM0,Total Gasoline,PTE,Retail Sales,EMM_EPM0_PTE_NUS_DPG,U.S. All Grades All Formulations Retail Gasoline Prices (Dollars per Gallon),2.857,$/GAL
2021-03-01,NUS,U.S.,EPM0,Total Gasoline,PTE,Retail Sales,EMM_EPM0_PTE_NUS_DPG,U.S. All Grades All Formulations Retail Gasoline Prices (Dollars per Gallon),2.796,$/GAL
2021-02-22,NUS,U.S.,EPM0,Total Gasoline,PTE,Retail Sales,EMM_EPM0_PTE_NUS_DPG,U.S. All Grades All Formulations Retail Gasoline Prices (Dollars per Gallon),2.717,$/GAL
2021-02-15,NUS,U.S.,EPM0,Total Gasoline,PTE,Retail Sales,EMM_EPM0_PTE_NUS_DPG,U.S. All Grades All Formulations Retail Gasoline Prices (Dollars per Gallon),2.588,$/GAL
2021-02-08,NUS,U.S.,EPM0,Total Gasoline,PTE,Retail Sales,EMM_EPM0_PTE_NUS_DPG,U.S. All Grades All Formulations Retail Gasoline Prices (Dollars per Gallon),2.548,$/GAL
2021-02-01,NUS,U.S.,EPM0,Total Gasoline,PTE,Retail Sales,EMM_EPM0_PTE_NUS_DPG,U.S. All Grades All Formulations Retail Gasoline Prices (Dollars per Gallon),2.495,$/GAL
2021-01-25,NUS,U.S.,EPM0,Total Gasoline,PTE,Retail Sales,EMM_EPM0_PTE_NUS_DPG,U.S. All Grades All Formulations Retail Gasoline Prices (Dollars per Gallon),2.478,$/GAL
2021-01-18,NUS,U.S.,EPM0,Total Gasoline,PTE,Retail Sales,EMM_EPM0_PTE_NUS_DPG,U.S. All Grades All Formulations Retail Gasoline Prices (Dollars per Gallon),2.464,$/GAL
2021-01-11,NUS,U.S.,EPM0,Total Gasoline,PTE,Retail Sales,EMM_EPM0_PTE_NUS_DPG,U.S. All Grades All Formulations Retail Gasoline Prices (Dollars per Gallon),2.403,$/GAL
2021-01-04,NUS,U.S.,EPM0,Total Gasoline,PTE,Retail Sales,EMM_EPM0_PTE_NUS_DPG,U.S. All Grades All Formulations Retail Gasoline Prices (Dollars per Gallon),2.336,$/GAL
2020-12-28,NUS,U.S.,EPM0,Total Gasoline,PTE,Retail Sales,EMM_EPM0_PTE_NUS_DPG,U.S. All Grades All Formulations Retail Gasoline Prices (Dollars per Gallon),2.33,$/GAL
2020-12-21,NUS,U.S.,EPM0,Total Gasoline,PTE,Retail Sales,EMM_EPM0_PTE_NUS_DPG,U.S. All Grades All Formulations Retail Gasoline Prices (Dollars per Gallon),2.311,$/GAL
2020-12-14,NUS,U.S.,EPM0,Total Gasoline,PTE,Retail Sales,EMM_EPM0_PTE_NUS_DPG,U.S. All Grades All Formulations Retail Gasoline Prices (Dollars per Gallon),2.247,$/GAL
2020-12-07,NUS,U.S.,EPM0,Total Gasoline,PTE,Retail Sales,EMM_EPM0_PTE_NUS_DPG,U.S. All Grades All Formulations Retail Gasoline Prices (Dollars per Gallon),2.246,$/GAL
2020-11-30,NUS,U.S.,EPM0,Total Gasoline,PTE,Retail Sales,EMM_EPM0_PTE_NUS_DPG,U.S. All Grades All Formulations Retail Gasoline Prices (Dollars per Gallon),2.211,$/GAL
2020-11-23,NUS,U.S.,EPM0,Total Gasoline,PTE,Retail Sales,EMM_EPM0_PTE_NUS_DPG,U.S. All Grades All Formulations Retail Gasoline Prices (Dollars per Gallon),2.194,$/GAL
2020-11-16,NUS,U.S.,EPM0,Total Gasoline,PTE,Retail Sales,EMM_EPM0_PTE_NUS_DPG,U.S. All Grades All Formulations Retail Gasoline Prices (Dollars per Gallon),2.202,$/GAL
2020-11-09,NUS,U.S.,EPM0,Total Gasoline,PTE,Retail Sales,EMM_EPM0_PTE_NUS_DPG,U.S. All Grades All Formulations Retail Gasoline Prices (Dollars per Gallon),2.188,$/GAL
2020-11-02,NUS,U.S.,EPM0,Total Gasoline,PTE,Retail Sales,EMM_EPM0_PTE_NUS_DPG,U.S. All Grades All Formulations Retail Gasoline Prices (Dollars per Gallon),2.204,$/GAL
2020-10-26,NUS,U.S.,EPM0,Total Gasoline,PTE,Retail Sales,EMM_EPM0_PTE_NUS_DPG,U.S. All Grades All Formulations Retail Gasoline Prices (Dollars per Gallon),2.234,$/GAL
2020-10-19,NUS,U.S.,EPM0,Total Gasoline,PTE,Retail Sales,EMM_EPM0_PTE_NUS_DPG,U.S. All Grades All Formulations Retail Gasoline Prices (Dollars per Gallon),2.24,$/GAL
2020-10-12,NUS,U.S.,EPM0,Total Gasoline,PTE,Retail Sales,EMM_EPM0_PTE_NUS_DPG,U.S. All Grades All Formulations Retail Gasoline Prices (Dollars per Gallon),2.257,$/GAL
2020-10-05,NUS,U.S.,EPM0,Total Gasoline,PTE,Retail Sales,EMM_EPM0_PTE_NUS_DPG,U.S. All Grades All Formulations Retail Gasoline Prices (Dollars per Gallon),2.262,$/GAL
2020-09-28,NUS,U.S.,EPM0,Total Gasoline,PTE,Retail Sales,EMM_EPM0_PTE_NUS_DPG,U.S. All Grades All Formulations Retail Gasoline Prices (Dollars per Gallon),2.259,$/GAL
2020-09-21,NUS,U.S.,EPM0,Total Gasoline,PTE,Retail Sales,EMM_EPM0_PTE_NUS_DPG,U.S. All Grades All Formulations Retail Gasoline Prices (Dollars per Gallon),2.259,$/GAL
2020-09-14,NUS,U.S.,EPM0,Total Gasoline,PTE,Retail Sales,EMM_EPM0_PTE_NUS_DPG,U.S. All Grades All Formulations Retail Gasoline Prices (Dollars per Gallon),2.274,$/GAL
2020-09-07,NUS,U.S.,EPM0,Total Gasoline,PTE,Retail Sales,EMM_EPM0_PTE_NUS_DPG,U.S. All Grades All Formulations Retail Gasoline Prices (Dollars per Gallon),2.302,$/GAL
2020-08-31,NUS,U.S.,EPM0,Total Gasoline,PTE,Retail Sales,EMM_EPM0_PTE_NUS_DPG,U.S. All Grades All Formulations Retail Gasoline Prices (Dollars per Gallon),2.311,$/GAL
2020-08-24,NUS,U.S.,EPM0,Total Gasoline,PTE,Retail Sales,EMM_EPM0_PTE_NUS_DPG,U.S. All Grades All Formulations Retail Gasoline Prices (Dollars per Gallon),2.272,$/GAL
2020-08-17,NUS,U.S.,EPM0,Total Gasoline,PTE,Retail Sales,EMM_EPM0_PTE_NUS_DPG,U.S. All Grades All Formulations Retail Gasoline Prices (Dollars per Gallon),2.256,$/GAL
2020-08-10,NUS,U.S.,EPM0,Total Gasoline,PTE,Retail Sales,EMM_EPM0_PTE_NUS_DPG,U.S. All Grades All Formulations Retail Gasoline Prices (Dollars per Gallon),2.256,$/GAL
2020-08-03,NUS,U.S.,EPM0,Total Gasoline,PTE,Retail Sales,EMM_EPM0_PTE_NUS_DPG,U.S. All Grades All Formulations Retail Gasoline Prices (Dollars per Gallon),2.266,$/GAL
2020-07-27,NUS,U.S.,EPM0,Total Gasoline,PTE,Retail Sales,EMM_EPM0_PTE_NUS_DPG,U.S. All Grades All Formulations Retail Gasoline Prices (Dollars per Gallon),2.265,$/GAL
2020-07-20,NUS,U.S.,EPM0,Total Gasoline,PTE,Retail Sales,EMM_EPM0_PTE_NUS_DPG,U.S. All Grades All Formulations Retail Gasoline Prices (Dollars per Gallon),2.275,$/GAL
2020-07-13,NUS,U.S.,EPM0,Total Gasoline,PTE,Retail Sales,EMM_EPM0_PTE_NUS_DPG,U.S. All Grades All Formulations Retail Gasoline Prices (Dollars per Gallon),2.283,$/GAL
2020-07-06,NUS,U.S.,EPM0,Total Gasoline,PTE,Retail Sales,EMM_EPM0_PTE_NUS_DPG,U.S. All Grades All Formulations Retail Gasoline Prices (Dollars per Gallon),2.265,$/GAL
2020-06-29,NUS,U.S.,EPM0,Total Gasoline,PTE,Retail Sales,EMM_EPM0_PTE_NUS_DPG,U.S. All Grades All Formulations Retail Gasoline Prices (Dollars per Gallon),2.26,$/GAL
2020-06-22,NUS,U.S.,EPM0,Total Gasoline,PTE,Retail Sales,EMM_EPM0_PTE_NUS_DPG,U.S. All Grades All Formulations Retail Gasoline Prices (Dollars per Gallon),2.216,$/GAL
2020-06-15,NUS,U.S.,EPM0,Total Gasoline,PTE,Retail Sales,EMM_EPM0_PTE_NUS_DPG,U.S. All Grades All Formulations Retail Gasoline Prices (Dollars per Gallon),2.185,$/GAL
2020-06-08,NUS,U.S.,EPM0,Total Gasoline,PTE,Retail Sales,EMM_EPM0_PTE_NUS_DPG,U.S. All Grades All Formulations Retail Gasoline Prices (Dollars per Gallon),2.123,$/GAL
2020-06-01,NUS,U.S.,EPM0,Total Gasoline,PTE,Retail Sales,EMM_EPM0_PTE_NUS_DPG,U.S. All Grades All Formulations Retail Gasoline Prices (Dollars per Gallon),2.064,$/GAL
2020-05-25,NUS,U.S.,EPM0,Total Gasoline,PTE,Retail Sales,EMM_EPM0_PTE_NUS_DPG,U.S. All Grades All Formulations Retail Gasoline Prices (Dollars per Gallon),2.049,$/GAL
2020-05-18,NUS,U.S.,EPM0,Total Gasoline,PTE,Retail Sales,EMM_EPM0_PTE_NUS_DPG,U.S. All Grades All Formulations Retail Gasoline Prices (Dollars per Gallon),1.969,$/GAL
2020-05-11,NUS,U.S.,EPM0,Total Gasoline,PTE,Retail Sales,EMM_EPM0_PTE_NUS_DPG,U.S. All Grades All Formulations Retail Gasoline Prices (Dollars per Gallon),1.941,$/GAL
2020-05-04,NUS,U.S.,EPM0,Total Gasoline,PTE,Retail Sales,EMM_EPM0_PTE_NUS_DPG,U.S. All Grades All Formulations Retail Gasoline Prices (Dollars per Gallon),1.883,$/GAL
2020-04-27,NUS,U.S.,EPM0,Total Gasoline,PTE,Retail Sales,EMM_EPM0_PTE_NUS_DPG,U.S. All Grades All Formulations Retail Gasoline Prices (Dollars per Gallon),1.87,$/GAL
2020-04-20,NUS,U.S.,EPM0,Total Gasoline,PTE,Retail Sales,EMM_EPM0_PTE_NUS_DPG,U.S. All Grades All Formulations Retail Gasoline Prices (Dollars per Gallon),1.91,$/GAL
2020-04-13,NUS,U.S.,EPM0,Total Gasoline,PTE,Retail Sales,EMM_EPM0_PTE_NUS_DPG,U.S. All Grades All Formulations Retail Gasoline Prices (Dollars per Gallon),1.951,$/GAL
2020-04-06,NUS,U.S.,EPM0,Total Gasoline,PTE,Retail Sales,EMM_EPM0_PTE_NUS_DPG,U.S. All Grades All Formulations Retail Gasoline Prices (Dollars per Gallon),2.022,$/GAL
2020-03-30,NUS,U.S.,EPM0,Total Gasoline,PTE,Retail Sales,EMM_EPM0_PTE_NUS_DPG,U.S. All Grades All Formulations Retail Gasoline Prices (Dollars per Gallon),2.103,$/GAL
2020-03-23,NUS,U.S.,EPM0,Total Gasoline,PTE,Retail Sales,EMM_EPM0_PTE_NUS_DPG,U.S. All Grades All Formulations Retail Gasoline Prices (Dollars per Gallon),2.217,$/GAL
2020-03-16,NUS,U.S.,EPM0,Total Gasoline,PTE,Retail Sales,EMM_EPM0_PTE_NUS_DPG,U.S. All Grades All Formulations Retail Gasoline Prices (Dollars per Gallon),2.343,$/GAL
2020-03-09,NUS,U.S.,EPM0,Total Gasoline,PTE,Retail Sales,EMM_EPM0_PTE_NUS_DPG,U.S. All Grades All Formulations Retail Gasoline Prices (Dollars per Gallon),2.468,$/GAL
2020-03-02,NUS,U.S.,EPM0,Total Gasoline,PTE,Retail Sales,EMM_EPM0_PTE_NUS_DPG,U.S. All Grades All Formulations Retail Gasoline Prices (Dollars per Gallon),2.514,$/GAL
2020-02-24,NUS,U.S.,EPM0,Total Gasoline,PTE,Retail Sales,EMM_EPM0_PTE_NUS_DPG,U.S. All Grades All Formulations Retail Gasoline Prices (Dollars per Gallon),2.555,$/GAL
2020-02-17,NUS,U.S.,EPM0,Total Gasoline,PTE,Retail Sales,EMM_EPM0_PTE_NUS_DPG,U.S. All Grades All Formulations Retail Gasoline Prices (Dollars per Gallon),2.518,$/GAL
2020-02-10,NUS,U.S.,EPM0,Total Gasoline,PTE,Retail Sales,EMM_EPM0_PTE_NUS_DPG,U.S. All Grades All Formulations Retail Gasoline Prices (Dollars per Gallon),2.511,$/GAL
2020-02-03,NUS,U.S.,EPM0,Total Gasoline,PTE,Retail Sales,EMM_EPM0_PTE_NUS_DPG,U.S. All Grades All Formulations Retail Gasoline Prices (Dollars per Gallon),2.546,$/GAL
2020-01-27,NUS,U.S.,EPM0,Total Gasoline,PTE,Retail Sales,EMM_EPM0_PTE_NUS_DPG,U.S. All Grades All Formulations Retail Gasoline Prices (Dollars per Gallon),2.595,$/GAL
2020-01-20,NUS,U.S.,EPM0,Total Gasoline,PTE,Retail Sales,EMM_EPM0_PTE_NUS_DPG,U.S. All Grades All Formulations Retail Gasoline Prices (Dollars per Gallon),2.625,$/GAL
2020-01-13,NUS,U.S.,EPM0,Total Gasoline,PTE,Retail Sales,EMM_EPM0_PTE_NUS_DPG,U.S. All Grades All Formulations Retail Gasoline Prices (Dollars per Gallon),2.657,$/GAL
2020-01-06,NUS,U.S.,EPM0,Total Gasoline,PTE,Retail Sales,EMM_EPM0_PTE_NUS_DPG,U.S. All Grades All Formulations Retail Gasoline Prices (Dollars per Gallon),2.665,$/GAL
2019-12-30,NUS,U.S.,EPM0,Total Gasoline,PTE,Retail Sales,EMM_EPM0_PTE_NUS_DPG,U.S. All Grades All Formulations Retail Gasoline Prices (Dollars per Gallon),2.658,$/GAL
2019-12-23,NUS,U.S.,EPM0,Total Gasoline,PTE,Retail Sales,EMM_EPM0_PTE_NUS_DPG,U.S. All Grades All Formulations Retail Gasoline Prices (Dollars per Gallon),2.621,$/GAL
2019-12-16,NUS,U.S.,EPM0,Total Gasoline,PTE,Retail Sales,EMM_EPM0_PTE_NUS_DPG,U.S. All Grades All Formulations Retail Gasoline Prices (Dollars per Gallon),2.627,$/GAL
2019-12-09,NUS,U.S.,EPM0,Total Gasoline,PTE,Retail Sales,EMM_EPM0_PTE_NUS_DPG,U.S. All Grades All Formulations Retail Gasoline Prices (Dollars per Gallon),2.652,$/GAL
2019-12-02,NUS,U.S.,EPM0,Total Gasoline,PTE,Retail Sales,EMM_EPM0_PTE_NUS_DPG,U.S. All Grades All Formulations Retail Gasoline Prices (Dollars per Gallon),2.667,$/GAL
2019-11-25,NUS,U.S.,EPM0,Total Gasoline,PTE,Retail Sales,EMM_EPM0_PTE_NUS_DPG,U.S. All Grades All Formulations Retail Gasoline Prices (Dollars per Gallon),2.672,$/GAL
2019-11-18,NUS,U.S.,EPM0,Total Gasoline,PTE,Retail Sales,EMM_EPM0_PTE_NUS_DPG,U.S. All Grades All Formulations Retail Gasoline Prices (Dollars per Gallon),2.688,$/GAL
2019-11-11,NUS,U.S.,EPM0,Total Gasoline,PTE,Retail Sales,EMM_EPM0_PTE_NUS_DPG,U.S. All Grades All Formulations Retail Gasoline Prices (Dollars per Gallon),2.711,$/GAL
2019-11-04,NUS,U.S.,EPM0,Total Gasoline,PTE,Retail Sales,EMM_EPM0_PTE_NUS_DPG,U.S. All Grades All Formulations Retail Gasoline Prices (Dollars per Gallon),2.702,$/GAL
2019-10-28,NUS,U.S.,EPM0,Total Gasoline,PTE,Retail Sales,EMM_EPM0_PTE_NUS_DPG,U.S. All Grades All Formulations Retail Gasoline Prices (Dollars per Gallon),2.692,$/GAL
2019-10-21,NUS,U.S.,EPM0,Total Gasoline,PTE,Retail Sales,EMM_EPM0_PTE_NUS_DPG,U.S. All Grades All Formulations Retail Gasoline Prices (Dollars per Gallon),2.735,$/GAL
2019-10-14,NUS,U.S.,EPM0,Total Gasoline,PTE,Retail Sales,EMM_EPM0_PTE_NUS_DPG,U.S. All Grades All Formulations Retail Gasoline Prices (Dollars per Gallon),2.727,$/GAL
2019-10-07,NUS,U.S.,EPM0,Total Gasoline,PTE,Retail Sales,EMM_EPM0_PTE_NUS_DPG,U.S. All Grades All Formulations Retail Gasoline Prices (Dollars per Gallon),2.742,$/GAL
2019-09-30,NUS,U.S.,EPM0,Total Gasoline,PTE,Retail Sales,EMM_EPM0_PTE_NUS_DPG,U.S. All Grades All Formulations Retail Gasoline Prices (Dollars per Gallon),2.737,$/GAL
2019-09-23,NUS,U.S.,EPM0,Total Gasoline,PTE,Retail Sales,EMM_EPM0_PTE_NUS_DPG,U.S. All Grades All Formulations Retail Gasoline Prices (Dollars per Gallon),2.741,$/GAL
2019-09-16,NUS,U.S.,EPM0,Total Gasoline,PTE,Retail Sales,EMM_EPM0_PTE_NUS_DPG,U.S. All Grades All Formulations Retail Gasoline Prices (Dollars per Gallon),2.64,$/GAL
2019-09-09,NUS,U.S.,EPM0,Total Gasoline,PTE,Retail Sales,EMM_EPM0_PTE_NUS_DPG,U.S. All Grades All Formulations Retail Gasoline Prices (Dollars per Gallon),2.638,$/GAL
2019-09-02,NUS,U.S.,EPM0,Total Gasoline,PTE,Retail Sales,EMM_EPM0_PTE_NUS_DPG,U.S. All Grades All Formulations Retail Gasoline Prices (Dollars per Gallon),2.651,$/GAL
2019-08-26,NUS,U.S.,EPM0,Total Gasoline,PTE,Retail Sales,EMM_EPM0_PTE_NUS_DPG,U.S. All Grades All Formulations Retail Gasoline Prices (Dollars per Gallon),2.661,$/GAL
2019-08-19,NUS,U.S.,EPM0,Total Gasoline,PTE,Retail Sales,EMM_EPM0_PTE_NUS_DPG,U.S. All Grades All Formulations Retail Gasoline Prices (Dollars per Gallon),2.684,$/GAL
2019-08-12,NUS,U.S.,EPM0,Total Gasoline,PTE,Retail Sales,EMM_EPM0_PTE_NUS_DPG,U.S. All Grades All Formulations Retail Gasoline Prices (Dollars per Gallon),2.71,$/GAL
2019-08-05,NUS,U.S.,EPM0,Total Gasoline,PTE,Retail Sales,EMM_EPM0_PTE_NUS_DPG,U.S. All Grades All Formulations Retail Gasoline Prices (Dollars per Gallon),2.772,$/GAL
2019-07-29,NUS,U.S.,EPM0,Total Gasoline,PTE,Retail Sales,EMM_EPM0_PTE_NUS_DPG,U.S. All Grades All Formulations Retail Gasoline Prices (Dollars per Gallon),2.798,$/GAL
2019-07-22,NUS,U.S.,EPM0,Total Gasoline,PTE,Retail Sales,EMM_EPM0_PTE_NUS_DPG,U.S. All Grades All Formulations Retail Gasoline Prices (Dollars per Gallon),2.833,$/GAL
2019-07-15,NUS,U.S.,EPM0,Total Gasoline,PTE,Retail Sales,EMM_EPM0_PTE_NUS_DPG,U.S. All Grades All Formulations Retail Gasoline Prices (Dollars per Gallon),2.86,$/GAL
2019-07-08,NUS,U.S.,EPM0,Total Gasoline,PTE,Retail Sales,EMM_EPM0_PTE_NUS_DPG,U.S. All Grades All Formulations Retail Gasoline Prices (Dollars per Gallon),2.827,$/GAL
2019-07-01,NUS,U.S.,EPM0,Total Gasoline,PTE,Retail Sales,EMM_EPM0_PTE_NUS_DPG,U.S. All Grades All Formulations Retail Gasoline Prices (Dollars per Gallon),2.798,$/GAL
2019-06-24,NUS,U.S.,EPM0,Total Gasoline,PTE,Retail Sales,EMM_EPM0_PTE_NUS_DPG,U.S. All Grades All Formulations Retail Gasoline Prices (Dollars per Gallon),2.741,$/GAL
2019-06-17,NUS,U.S.,EPM0,Total Gasoline,PTE,Retail Sales,EMM_EPM0_PTE_NUS_DPG,U.S. All Grades All Formulations Retail Gasoline Prices (Dollars per Gallon),2.759,$/GAL
2019-06-10,NUS,U.S.,EPM0,Total Gasoline,PTE,Retail Sales,EMM_EPM0_PTE_NUS_DPG,U.S. All Grades All Formulations Retail Gasoline Prices (Dollars per Gallon),2.821,$/GAL
2019-06-03,NUS,U.S.,EPM0,Total Gasoline,PTE,Retail Sales,EMM_EPM0_PTE_NUS_DPG,U.S. All Grades All Formulations Retail Gasoline Prices (Dollars per Gallon),2.893,$/GAL
2019-05-27,NUS,U.S.,EPM0,Total Gasoline,PTE,Retail Sales,EMM_EPM0_PTE_NUS_DPG,U.S. All Grades All Formulations Retail Gasoline Prices (Dollars per Gallon),2.909,$/GAL
2019-05-20,NUS,U.S.,EPM0,Total Gasoline,PTE,Retail Sales,EMM_EPM0_PTE_NUS_DPG,U.S. All Grades All Formulations Retail Gasoline Prices (Dollars per Gallon),2.939,$/GAL
2019-05-13,NUS,U.S.,EPM0,Total Gasoline,PTE,Retail Sales,EMM_EPM0_PTE_NUS_DPG,U.S. All Grades All Formulations Retail Gasoline Prices (Dollars per Gallon),2.954,$/GAL
2019-05-06,NUS,U.S.,EPM0,Total Gasoline,PTE,Retail Sales,EMM_EPM0_PTE_NUS_DPG,U.S. All Grades All Formulations Retail Gasoline Prices (Dollars per Gallon),2.983,$/GAL
2019-04-29,NUS,U.S.,EPM0,Total Gasoline,PTE,Retail Sales,EMM_EPM0_PTE_NUS_DPG,U.S. All Grades All Formulations Retail Gasoline Prices (Dollars per Gallon),2.972,$/GAL
2019-04-22,NUS,U.S.,EPM0,Total Gasoline,PTE,Retail Sales,EMM_EPM0_PTE_NUS_DPG,U.S. All Grades All Formulations Retail Gasoline Prices (Dollars per Gallon),2.926,$/GAL
2019-04-15,NUS,U.S.,EPM0,Total Gasoline,PTE,Retail Sales,EMM_EPM0_PTE_NUS_DPG,U.S. All Grades All Formulations Retail Gasoline Prices (Dollars per Gallon),2.912,$/GAL
2019-04-08,NUS,U.S.,EPM0,Total Gasoline,PTE,Retail Sales,EMM_EPM0_PTE_NUS_DPG,U.S. All Grades All Formulations Retail Gasoline Prices (Dollars per Gallon),2.826,$/GAL
2019-04-01,NUS,U.S.,EPM0,Total Gasoline,PTE,Retail Sales,EMM_EPM0_PTE_NUS_DPG,U.S. All Grades All Formulations Retail Gasoline Prices (Dollars per Gallon),2.77,$/GAL
2019-03-25,NUS,U.S.,EPM0,Total Gasoline,PTE,Retail Sales,EMM_EPM0_PTE_NUS_DPG,U.S. All Grades All Formulations Retail Gasoline Prices (Dollars per Gallon),2.701,$/GAL
2019-03-18,NUS,U.S.,EPM0,Total Gasoline,PTE,Retail Sales,EMM_EPM0_PTE_NUS_DPG,U.S. All Grades All Formulations Retail Gasoline Prices (Dollars per Gallon),2.625,$/GAL
2019-03-11,NUS,U.S.,EPM0,Total Gasoline,PTE,Retail Sales,EMM_EPM0_PTE_NUS_DPG,U.S. All Grades All Formulations Retail Gasoline Prices (Dollars per Gallon),2.549,$/GAL
2019-03-04,NUS,U.S.,EPM0,Total Gasoline,PTE,Retail Sales,EMM_EPM0_PTE_NUS_DPG,U.S. All Grades All Formulations Retail Gasoline Prices (Dollars per Gallon),2.502,$/GAL
2019-02-25,NUS,U.S.,EPM0,Total Gasoline,PTE,Retail Sales,EMM_EPM0_PTE_NUS_DPG,U.S. All Grades All Formulations Retail Gasoline Prices (Dollars per Gallon),2.471,$/GAL
2019-02-18,NUS,U.S.,EPM0,Total Gasoline,PTE,Retail Sales,EMM_EPM0_PTE_NUS_DPG,U.S. All Grades All Formulations Retail Gasoline Prices (Dollars per Gallon),2.4,$/GAL
2019-02-11,NUS,U.S.,EPM0,Total Gasoline,PTE,Retail Sales,EMM_EPM0_PTE_NUS_DPG,U.S. All Grades All Formulations Retail Gasoline Prices (Dollars per Gallon),2.361,$/GAL
2019-02-04,NUS,U.S.,EPM0,Total Gasoline,PTE,Retail Sales,EMM_EPM0_PTE_NUS_DPG,U.S. All Grades All Formulations Retail Gasoline Prices (Dollars per Gallon),2.341,$/GAL
2019-01-28,NUS,U.S.,EPM0,Total Gasoline,PTE,Retail Sales,EMM_EPM0_PTE_NUS_DPG,U.S. All Grades All Formulations Retail Gasoline Prices (Dollars per Gallon),2.343,$/GAL
2019-01-21,NUS,U.S.,EPM0,Total Gasoline,PTE,Retail Sales,EMM_EPM0_PTE_NUS_DPG,U.S. All Grades All Formulations Retail Gasoline Prices (Dollars per Gallon),2.34,$/GAL
2019-01-14,NUS,U.S.,EPM0,Total Gasoline,PTE,Retail Sales,EMM_EPM0_PTE_NUS_DPG,U.S. All Grades All Formulations Retail Gasoline Prices (Dollars per Gallon),2.338,$/GAL
2019-01-07,NUS,U.S.,EPM0,Total Gasoline,PTE,Retail Sales,EMM_EPM0_PTE_NUS_DPG,U.S. All Grades All Formulations Retail Gasoline Prices (Dollars per Gallon),2.329,$/GAL
2018-12-31,NUS,U.S.,EPM0,Total Gasoline,PTE,Retail Sales,EMM_EPM0_PTE_NUS_DPG,U.S. All Grades All Formulations Retail Gasoline Prices (Dollars per Gallon),2.358,$/GAL
2018-12-24,NUS,U.S.,EPM0,Total Gasoline,PTE,Retail Sales,EMM_EPM0_PTE_NUS_DPG,U.S. All Grades All Formulations Retail Gasoline Prices (Dollars per Gallon),2.413,$/GAL
2018-12-17,NUS,U.S.,EPM0,Total Gasoline,PTE,Retail Sales,EMM_EPM0_PTE_NUS_DPG,U.S. All Grades All Formulations Retail Gasoline Prices (Dollars per Gallon),2.46,$/GAL
2018-12-10,NUS,U.S.,EPM0,Total Gasoline,PTE,Retail Sales,EMM_EPM0_PTE_NUS_DPG,U.S. All Grades All Formulations Retail Gasoline Prices (Dollars per Gallon),2.511,$/GAL
2018-12-03,NUS,U.S.,EPM0,Total Gasoline,PTE,Retail Sales,EMM_EPM0_PTE_NUS_DPG,U.S. All Grades All Formulations Retail Gasoline Prices (Dollars per Gallon),2.544,$/GAL
2018-11-26,NUS,U.S.,EPM0,Total Gasoline,PTE,Retail Sales,EMM_EPM0_PTE_NUS_DPG,U.S. All Grades All Formulations Retail Gasoline Prices (Dollars per Gallon),2.63,$/GAL
2018-11-19,NUS,U.S.,EPM0,Total Gasoline,PTE,Retail Sales,EMM_EPM0_PTE_NUS_DPG,U.S. All Grades All Formulations Retail Gasoline Prices (Dollars per Gallon),2.7,$/GAL
2018-11-12,NUS,U.S.,EPM0,Total Gasoline,PTE,Retail Sales,EMM_EPM0_PTE_NUS_DPG,U.S. All Grades All Formulations Retail Gasoline Prices (Dollars per Gallon),2.773,$/GAL
2018-11-05,NUS,U.S.,EPM0,Total Gasoline,PTE,Retail Sales,EMM_EPM0_PTE_NUS_DPG,U.S. All Grades All Formulations Retail Gasoline Prices (Dollars per Gallon),2.84,$/GAL
2018-10-29,NUS,U.S.,EPM0,Total Gasoline,PTE,Retail Sales,EMM_EPM0_PTE_NUS_DPG,U.S. All Grades All Formulations Retail Gasoline Prices (Dollars per Gallon),2.896,$/GAL
2018-10-22,NUS,U.S.,EPM0,Total Gasoline,PTE,Retail Sales,EMM_EPM0_PTE_NUS_DPG,U.S. All Grades All Formulations Retail Gasoline Prices (Dollars per Gallon),2.925,$/GAL
2018-10-15,NUS,U.S.,EPM0,Total Gasoline,PTE,Retail Sales,EMM_EPM0_PTE_NUS_DPG,U.S. All Grades All Formulations Retail Gasoline Prices (Dollars per Gallon),2.961,$/GAL
2018-10-08,NUS,U.S.,EPM0,Total Gasoline,PTE,Retail Sales,EMM_EPM0_PTE_NUS_DPG,U.S. All Grades All Formulations Retail Gasoline Prices (Dollars per Gallon),2.984,$/GAL
2018-10-01,NUS,U.S.,EPM0,Total Gasoline,PTE,Retail Sales,EMM_EPM0_PTE_NUS_DPG,U.S. All Grades All Formulations Retail Gasoline Prices (Dollars per Gallon),2.947,$/GAL
2018-09-24,NUS,U.S.,EPM0,Total Gasoline,PTE,Retail Sales,EMM_EPM0_PTE_NUS_DPG,U.S. All Grades All Formulations Retail Gasoline Prices (Dollars per Gallon),2.923,$/GAL
2018-09-17,NUS,U.S.,EPM0,Total Gasoline,PTE,Retail Sales,EMM_EPM0_PTE_NUS_DPG,U.S. All Grades All Formulations Retail Gasoline Prices (Dollars per Gallon),2.921,$/GAL
2018-09-10,NUS,U.S.,EPM0,Total Gasoline,PTE,Retail Sales,EMM_EPM0_PTE_NUS_DPG,U.S. All Grades All Formulations Retail Gasoline Prices (Dollars per Gallon),2.912,$/GAL
2018-09-03,NUS,U.S.,EPM0,Total Gasoline,PTE,Retail Sales,EMM_EPM0_PTE_NUS_DPG,U.S. All Grades All Formulations Retail Gasoline Prices (Dollars per Gallon),2.903,$/GAL
2018-08-27,NUS,U.S.,EPM0,Total Gasoline,PTE,Retail Sales,EMM_EPM0_PTE_NUS_DPG,U.S. All Grades All Formulations Retail Gasoline Prices (Dollars per Gallon),2.906,$/GAL
2018-08-20,NUS,U.S.,EPM0,Total Gasoline,PTE,Retail Sales,EMM_EPM0_PTE_NUS_DPG,U.S. All Grades All Formulations Retail Gasoline Prices (Dollars per Gallon),2.9,$/GAL
2018-08-13,NUS,U.S.,EPM0,Total Gasoline,PTE,Retail Sales,EMM_EPM0_PTE_NUS_DPG,U.S. All Grades All Formulations Retail Gasoline Prices (Dollars per Gallon),2.921,$/GAL
2018-08-06,NUS,U.S.,EPM0,Total Gasoline,PTE,Retail Sales,EMM_EPM0_PTE_NUS_DPG,U.S. All Grades All Formulations Retail Gasoline Prices (Dollars per Gallon),2.93,$/GAL
2018-07-30,NUS,U.S.,EPM0,Total Gasoline,PTE,Retail Sales,EMM_EPM0_PTE_NUS_DPG,U.S. All Grades All Formulations Retail Gasoline Prices (Dollars per Gallon),2.924,$/GAL
2018-07-23,NUS,U.S.,EPM0,Total Gasoline,PTE,Retail Sales,EMM_EPM0_PTE_NUS_DPG,U.S. All Grades All Formulations Retail Gasoline Prices (Dollars per Gallon),2.911,$/GAL
2018-07-16,NUS,U.S.,EPM0,Total Gasoline,PTE,Retail Sales,EMM_EPM0_PTE_NUS_DPG,U.S. All Grades All Formulations Retail Gasoline Prices (Dollars per Gallon),2.943,$/GAL
2018-07-09,NUS,U.S.,EPM0,Total Gasoline,PTE,Retail Sales,EMM_EPM0_PTE_NUS_DPG,U.S. All Grades All Formulations Retail Gasoline Prices (Dollars per Gallon),2.937,$/GAL
2018-07-02,NUS,U.S.,EPM0,Total Gasoline,PTE,Retail Sales,EMM_EPM0_PTE_NUS_DPG,U.S. All Grades All Formulations Retail Gasoline Prices (Dollars per Gallon),2.924,$/GAL
2018-06-25,NUS,U.S.,EPM0,Total Gasoline,PTE,Retail Sales,EMM_EPM0_PTE_NUS_DPG,U.S. All Grades All Formulations Retail Gasoline Prices (Dollars per Gallon),2.913,$/GAL
2018-06-18,NUS,U.S.,EPM0,Total Gasoline,PTE,Retail Sales,EMM_EPM0_PTE_NUS_DPG,U.S. All Grades All Formulations Retail Gasoline Prices (Dollars per Gallon),2.958,$/GAL
2018-06-11,NUS,U.S.,EPM0,Total Gasoline,PTE,Retail Sales,EMM_EPM0_PTE_NUS_DPG,U.S. All Grades All Formulations Retail Gasoline Prices (Dollars per Gallon),2.989,$/GAL
2018-06-04,NUS,U.S.,EPM0,Total Gasoline,PTE,Retail Sales,EMM_EPM0_PTE_NUS_DPG,U.S. All Grades All Formulations Retail Gasoline Prices (Dollars per Gallon),3.018,$/GAL
2018-05-28,NUS,U.S.,EPM0,Total Gasoline,PTE,Retail Sales,EMM_EPM0_PTE_NUS_DPG,U.S. All Grades All Formulations Retail Gasoline Prices (Dollars per Gallon),3.039,$/GAL
2018-05-21,NUS,U.S.,EPM0,Total Gasoline,PTE,Retail Sales,EMM_EPM0_PTE_NUS_DPG,U.S. All Grades All Formulations Retail Gasoline Prices (Dollars per Gallon),2.999,$/GAL
2018-05-14,NUS,U.S.,EPM0,Total Gasoline,PTE,Retail Sales,EMM_EPM0_PTE_NUS_DPG,U.S. All Grades All Formulations Retail Gasoline Prices (Dollars per Gallon),2.949,$/GAL
2018-05-07,NUS,U.S.,EPM0,Total Gasoline,PTE,Retail Sales,EMM_EPM0_PTE_NUS_DPG,U.S. All Grades All Formulations Retail Gasoline Prices (Dollars per Gallon),2.96,$/GAL
2018-04-30,NUS,U.S.,EPM0,Total Gasoline,PTE,Retail Sales,EMM_EPM0_PTE_NUS_DPG,U.S. All Grades All Formulations Retail Gasoline Prices (Dollars per Gallon),2.961,$/GAL
2018-04-23,NUS,U.S.,EPM0,Total Gasoline,PTE,Retail Sales,EMM_EPM0_PTE_NUS_DPG,U.S. All Grades All Formulations Retail Gasoline Prices (Dollars per Gallon),2.914,$/GAL
2018-04-16,NUS,U.S.,EPM0,Total Gasoline,PTE,Retail Sales,EMM_EPM0_PTE_NUS_DPG,U.S. All Grades All Formulations Retail Gasoline Prices (Dollars per Gallon),2.863,$/GAL
2018-04-09,NUS,U.S.,EPM0,Total Gasoline,PTE,Retail Sales,EMM_EPM0_PTE_NUS_DPG,U.S. All Grades All Formulations Retail Gasoline Prices (Dollars per Gallon),2.811,$/GAL
2018-04-02,NUS,U.S.,EPM0,Total Gasoline,PTE,Retail Sales,EMM_EPM0_PTE_NUS_DPG,U.S. All Grades All Formulations Retail Gasoline Prices (Dollars per Gallon),2.817,$/GAL
2018-03-26,NUS,U.S.,EPM0,Total Gasoline,PTE,Retail Sales,EMM_EPM0_PTE_NUS_DPG,U.S. All Grades All Formulations Retail Gasoline Prices (Dollars per Gallon),2.764,$/GAL
2018-03-19,NUS,U.S.,EPM0,Total Gasoline,PTE,Retail Sales,EMM_EPM0_PTE_NUS_DPG,U.S. All Grades All Formulations Retail Gasoline Prices (Dollars per Gallon),2.716,$/GAL
2018-03-12,NUS,U.S.,EPM0,Total Gasoline,PTE,Retail Sales,EMM_EPM0_PTE_NUS_DPG,U.S. All Grades All Formulations Retail Gasoline Prices (Dollars per Gallon),2.677,$/GAL
2018-03-05,NUS,U.S.,EPM0,Total Gasoline,PTE,Retail Sales,EMM_EPM0_PTE_NUS_DPG,U.S. All Grades All Formulations Retail Gasoline Prices (Dollars per Gallon),2.679,$/GAL
2018-02-26,NUS,U.S.,EPM0,Total Gasoline,PTE,Retail Sales,EMM_EPM0_PTE_NUS_DPG,U.S. All Grades All Formulations Retail Gasoline Prices (Dollars per Gallon),2.666,$/GAL
2018-02-19,NUS,U.S.,EPM0,Total Gasoline,PTE,Retail Sales,EMM_EPM0_PTE_NUS_DPG,U.S. All Grades All Formulations Retail Gasoline Prices (Dollars per Gallon),2.676,$/GAL
2018-02-12,NUS,U.S.,EPM0,Total Gasoline,PTE,Retail Sales,EMM_EPM0_PTE_NUS_DPG,U.S. All Grades All Formulations Retail Gasoline Prices (Dollars per Gallon),2.724,$/GAL
2018-02-05,NUS,U.S.,EPM0,Total Gasoline,PTE,Retail Sales,EMM_EPM0_PTE_NUS_DPG,U.S. All Grades All Formulations Retail Gasoline Prices (Dollars per Gallon),2.753,$/GAL
2018-01-29,NUS,U.S.,EPM0,Total Gasoline,PTE,Retail Sales,EMM_EPM0_PTE_NUS_DPG,U.S. All Grades All Formulations Retail Gasoline Prices (Dollars per Gallon),2.723,$/GAL
2018-01-22,NUS,U.S.,EPM0,Total Gasoline,PTE,Retail Sales,EMM_EPM0_PTE_NUS_DPG,U.S. All Grades All Formulations Retail Gasoline Prices (Dollars per Gallon),2.684,$/GAL
2018-01-15,NUS,U.S.,EPM0,Total Gasoline,PTE,Retail Sales,EMM_EPM0_PTE_NUS_DPG,U.S. All Grades All Formulations Retail Gasoline Prices (Dollars per Gallon),2.673,$/GAL
2018-01-08,NUS,U.S.,EPM0,Total Gasoline,PTE,Retail Sales,EMM_EPM0_PTE_NUS_DPG,U.S. All Grades All Formulations Retail Gasoline Prices (Dollars per Gallon),2.639,$/GAL
2018-01-01,NUS,U.S.,EPM0,Total Gasoline,PTE,Retail Sales,EMM_EPM0_PTE_NUS_DPG,U.S. All Grades All Formulations Retail Gasoline Prices (Dollars per Gallon),2.637,$/GAL
2017-12-25,NUS,U.S.,EPM0,Total Gasoline,PTE,Retail Sales,EMM_EPM0_PTE_NUS_DPG,U.S. All Grades All Formulations Retail Gasoline Prices (Dollars per Gallon),2.589,$/GAL
2017-12-18,NUS,U.S.,EPM0,Total Gasoline,PTE,Retail Sales,EMM_EPM0_PTE_NUS_DPG,U.S. All Grades All Formulations Retail Gasoline Prices (Dollars per Gallon),2.568,$/GAL
2017-12-11,NUS,U.S.,EPM0,Total Gasoline,PTE,Retail Sales,EMM_EPM0_PTE_NUS_DPG,U.S. All Grades All Formulations Retail Gasoline Prices (Dollars per Gallon),2.601,$/GAL
2017-12-04,NUS,U.S.,EPM0,Total Gasoline,PTE,Retail Sales,EMM_EPM0_PTE_NUS_DPG,U.S. All Grades All Formulations Retail Gasoline Prices (Dollars per Gallon),2.617,$/GAL
2017-11-27,NUS,U.S.,EPM0,Total Gasoline,PTE,Retail Sales,EMM_EPM0_PTE_NUS_DPG,U.S. All Grades All Formulations Retail Gasoline Prices (Dollars per Gallon),2.648,$/GAL
2017-11-20,NUS,U.S.,EPM0,Total Gasoline,PTE,Retail Sales,EMM_EPM0_PTE_NUS_DPG,U.S. All Grades All Formulations Retail Gasoline Prices (Dollars per Gallon),2.683,$/GAL
2017-11-13,NUS,U.S.,EPM0,Total Gasoline,PTE,Retail Sales,EMM_EPM0_PTE_NUS_DPG,U.S. All Grades All Formulations Retail Gasoline Prices (Dollars per Gallon),2.706,$/GAL
2017-11-06,NUS,U.S.,EPM0,Total Gasoline,PTE,Retail Sales,EMM_EPM0_PTE_NUS_DPG,U.S. All Grades All Formulations Retail Gasoline Prices (Dollars per Gallon),2.673,$/GAL
2017-10-30,NUS,U.S.,EPM0,Total Gasoline,PTE,Retail Sales,EMM_EPM0_PTE_NUS_DPG,U.S. All Grades All Formulations Retail Gasoline Prices (Dollars per Gallon),2.602,$/GAL
2017-10-23,NUS,U.S.,EPM0,Total Gasoline,PTE,Retail Sales,EMM_EPM0_PTE_NUS_DPG,U.S. All Grades All Formulations Retail Gasoline Prices (Dollars per Gallon),2.594,$/GAL
2017-10-16,NUS,U.S.,EPM0,Total Gasoline,PTE,Retail Sales,EMM_EPM0_PTE_NUS_DPG,U.S. All Grades All Formulations Retail Gasoline Prices (Dollars per Gallon),2.605,$/GAL
2017-10-09,NUS,U.S.,EPM0,Total Gasoline,PTE,Retail Sales,EMM_EPM0_PTE_NUS_DPG,U.S. All Grades All Formulations Retail Gasoline Prices (Dollars per Gallon),2.622,$/GAL
2017-10-02,NUS,U.S.,EPM0,Total Gasoline,PTE,Retail Sales,EMM_EPM0_PTE_NUS_DPG,U.S. All Grades All Formulations Retail Gasoline Prices (Dollars per Gallon),2.682,$/GAL
2017-09-25,NUS,U.S.,EPM0,Total Gasoline,PTE,Retail Sales,EMM_EPM0_PTE_NUS_DPG,U.S. All Grades All Formulations Retail Gasoline Prices (Dollars per Gallon),2.701,$/GAL
2017-09-18,NUS,U.S.,EPM0,Total Gasoline,PTE,Retail Sales,EMM_EPM0_PTE_NUS_DPG,U.S. All Grades All Formulations Retail Gasoline Prices (Dollars per Gallon),2.75,$/GAL
2017-09-11,NUS,U.S.,EPM0,Total Gasoline,PTE,Retail Sales,EMM_EPM0_PTE_NUS_DPG,U.S. All Grades All Formulations Retail Gasoline Prices (Dollars per Gallon),2.8,$/GAL
2017-09-04,NUS,U.S.,EPM0,Total Gasoline,PTE,Retail Sales,EMM_EPM0_PTE_NUS_DPG,U.S. All Grades All Formulations Retail Gasoline Prices (Dollars per Gallon),2.794,$/GAL
2017-08-28,NUS,U.S.,EPM0,Total Gasoline,PTE,Retail Sales,EMM_EPM0_PTE_NUS_DPG,U.S. All Grades All Formulations Retail Gasoline Prices (Dollars per Gallon),2.513,$/GAL
2017-08-21,NUS,U.S.,EPM0,Total Gasoline,PTE,Retail Sales,EMM_EPM0_PTE_NUS_DPG,U.S. All Grades All Formulations Retail Gasoline Prices (Dollars per Gallon),2.474,$/GAL
2017-08-14,NUS,U.S.,EPM0,Total Gasoline,PTE,Retail Sales,EMM_EPM0_PTE_NUS_DPG,U.S. All Grades All Formulations Retail Gasoline Prices (Dollars per Gallon),2.497,$/GAL
2017-08-07,NUS,U.S.,EPM0,Total Gasoline,PTE,Retail Sales,EMM_EPM0_PTE_NUS_DPG,U.S. All Grades All Formulations Retail Gasoline Prices (Dollars per Gallon),2.492,$/GAL
2017-07-31,NUS,U.S.,EPM0,Total Gasoline,PTE,Retail Sales,EMM_EPM0_PTE_NUS_DPG,U.S. All Grades All Formulations Retail Gasoline Prices (Dollars per Gallon),2.467,$/GAL
2017-07-24,NUS,U.S.,EPM0,Total Gasoline,PTE,Retail Sales,EMM_EPM0_PTE_NUS_DPG,U.S. All Grades All Formulations Retail Gasoline Prices (Dollars per Gallon),2.426,$/GAL
2017-07-17,NUS,U.S.,EPM0,Total Gasoline,PTE,Retail Sales,EMM_EPM0_PTE_NUS_DPG,U.S. All Grades All Formulations Retail Gasoline Prices (Dollars per Gallon),2.392,$/GAL
2017-07-10,NUS,U.S.,EPM0,Total Gasoline,PTE,Retail Sales,EMM_EPM0_PTE_NUS_DPG,U.S. All Grades All Formulations Retail Gasoline Prices (Dollars per Gallon),2.411,$/GAL
2017-07-03,NUS,U.S.,EPM0,Total Gasoline,PTE,Retail Sales,EMM_EPM0_PTE_NUS_DPG,U.S. All Grades All Formulations Retail Gasoline Prices (Dollars per Gallon),2.376,$/GAL
2017-06-26,NUS,U.S.,EPM0,Total Gasoline,PTE,Retail Sales,EMM_EPM0_PTE_NUS_DPG,U.S. All Grades All Formulations Retail Gasoline Prices (Dollars per Gallon),2.404,$/GAL
2017-06-19,NUS,U.S.,EPM0,Total Gasoline,PTE,Retail Sales,EMM_EPM0_PTE_NUS_DPG,U.S. All Grades All Formulations Retail Gasoline Prices (Dollars per Gallon),2.433,$/GAL
2017-06-12,NUS,U.S.,EPM0,Total Gasoline,PTE,Retail Sales,EMM_EPM0_PTE_NUS_DPG,U.S. All Grades All Formulations Retail Gasoline Prices (Dollars per Gallon),2.479,$/GAL
2017-06-05,NUS,U.S.,EPM0,Total Gasoline,PTE,Retail Sales,EMM_EPM0_PTE_NUS_DPG,U.S. All Grades All Formulations Retail Gasoline Prices (Dollars per Gallon),2.525,$/GAL
2017-05-29,NUS,U.S.,EPM0,Total Gasoline,PTE,Retail Sales,EMM_EPM0_PTE_NUS_DPG,U.S. All Grades All Formulations Retail Gasoline Prices (Dollars per Gallon),2.516,$/GAL
2017-05-22,NUS,U.S.,EPM0,Total Gasoline,PTE,Retail Sales,EMM_EPM0_PTE_NUS_DPG,U.S. All Grades All Formulations Retail Gasoline Prices (Dollars per Gallon),2.51,$/GAL
2017-05-15,NUS,U.S.,EPM0,Total Gasoline,PTE,Retail Sales,EMM_EPM0_PTE_NUS_DPG,U.S. All Grades All Formulations Retail Gasoline Prices (Dollars per Gallon),2.481,$/GAL
2017-05-08,NUS,U.S.,EPM0,Total Gasoline,PTE,Retail Sales,EMM_EPM0_PTE_NUS_DPG,U.S. All Grades All Formulations Retail Gasoline Prices (Dollars per Gallon),2.484,$/GAL
2017-05-01,NUS,U.S.,EPM0,Total Gasoline,PTE,Retail Sales,EMM_EPM0_PTE_NUS_DPG,U.S. All Grades All Formulations Retail Gasoline Prices (Dollars per Gallon),2.522,$/GAL
2017-04-24,NUS,U.S.,EPM0,Total Gasoline,PTE,Retail Sales,EMM_EPM0_PTE_NUS_DPG,U.S. All Grades All Formulations Retail Gasoline Prices (Dollars per Gallon),2.559,$/GAL
2017-04-17,NUS,U.S.,EPM0,Total Gasoline,PTE,Retail Sales,EMM_EPM0_PTE_NUS_DPG,U.S. All Grades All Formulations Retail Gasoline Prices (Dollars per Gallon),2.546,$/GAL
2017-04-10,NUS,U.S.,EPM0,Total Gasoline,PTE,Retail Sales,EMM_EPM0_PTE_NUS_DPG,U.S. All Grades All Formulations Retail Gasoline Prices (Dollars per Gallon),2.534,$/GAL
2017-04-03,NUS,U.S.,EPM0,Total Gasoline,PTE,Retail Sales,EMM_EPM0_PTE_NUS_DPG,U.S. All Grades All Formulations Retail Gasoline Prices (Dollars per Gallon),2.471,$/GAL
2017-03-27,NUS,U.S.,EPM0,Total Gasoline,PTE,Retail Sales,EMM_EPM0_PTE_NUS_DPG,U.S. All Grades All Formulations Retail Gasoline Prices (Dollars per Gallon),2.428,$/GAL
2017-03-20,NUS,U.S.,EPM0,Total Gasoline,PTE,Retail Sales,EMM_EPM0_PTE_NUS_DPG,U.S. All Grades All Formulations Retail Gasoline Prices (Dollars per Gallon),2.433,$/GAL
2017-03-13,NUS,U.S.,EPM0,Total Gasoline,PTE,Retail Sales,EMM_EPM0_PTE_NUS_DPG,U.S. All Grades All Formulations Retail Gasoline Prices (Dollars per Gallon),2.434,$/GAL
2017-03-06,NUS,U.S.,EPM0,Total Gasoline,PTE,Retail Sales,EMM_EPM0_PTE_NUS_DPG,U.S. All Grades All Formulations Retail Gasoline Prices (Dollars per Gallon),2.452,$/GAL
2017-02-27,NUS,U.S.,EPM0,Total Gasoline,PTE,Retail Sales,EMM_EPM0_PTE_NUS_DPG,U.S. All Grades All Formulations Retail Gasoline Prices (Dollars per Gallon),2.427,$/GAL
2017-02-20,NUS,U.S.,EPM0,Total Gasoline,PTE,Retail Sales,EMM_EPM0_PTE_NUS_DPG,U.S. All Grades All Formulations Retail Gasoline Prices (Dollars per Gallon),2.414,$/GAL
2017-02-13,NUS,U.S.,EPM0,Total Gasoline,PTE,Retail Sales,EMM_EPM0_PTE_NUS_DPG,U.S. All Grades All Formulations Retail Gasoline Prices (Dollars per Gallon),2.418,$/GAL
2017-02-06,NUS,U.S.,EPM0,Total Gasoline,PTE,Retail Sales,EMM_EPM0_PTE_NUS_DPG,U.S. All Grades All Formulations Retail Gasoline Prices (Dollars per Gallon),2.405,$/GAL
2017-01-30,NUS,U.S.,EPM0,Total Gasoline,PTE,Retail Sales,EMM_EPM0_PTE_NUS_DPG,U.S. All Grades All Formulations Retail Gasoline Prices (Dollars per Gallon),2.408,$/GAL
2017-01-23,NUS,U.S.,EPM0,Total Gasoline,PTE,Retail Sales,EMM_EPM0_PTE_NUS_DPG,U.S. All Grades All Formulations Retail Gasoline Prices (Dollars per Gallon),2.436,$/GAL
2017-01-16,NUS,U.S.,EPM0,Total Gasoline,PTE,Retail Sales,EMM_EPM0_PTE_NUS_DPG,U.S. All Grades All Formulations Retail Gasoline Prices (Dollars per Gallon),2.467,$/GAL
2017-01-09,NUS,U.S.,EPM0,Total Gasoline,PTE,Retail Sales,EMM_EPM0_PTE_NUS_DPG,U.S. All Grades All Formulations Retail Gasoline Prices (Dollars per Gallon),2.496,$/GAL
2017-01-02,NUS,U.S.,EPM0,Total Gasoline,PTE,Retail Sales,EMM_EPM0_PTE_NUS_DPG,U.S. All Grades All Formulations Retail Gasoline Prices (Dollars per Gallon),2.485,$/GAL
2016-12-26,NUS,U.S.,EPM0,Total Gasoline,PTE,Retail Sales,EMM_EPM0_PTE_NUS_DPG,U.S. All Grades All Formulations Retail Gasoline Prices (Dollars per Gallon),2.419,$/GAL
2016-12-19,NUS,U.S.,EPM0,Total Gasoline,PTE,Retail Sales,EMM_EPM0_PTE_NUS_DPG,U.S. All Grades All Formulations Retail Gasoline Prices (Dollars per Gallon),2.375,$/GAL
2016-12-12,NUS,U.S.,EPM0,Total Gasoline,PTE,Retail Sales,EMM_EPM0_PTE_NUS_DPG,U.S. All Grades All Formulations Retail Gasoline Prices (Dollars per Gallon),2.347,$/GAL
2016-12-05,NUS,U.S.,EPM0,Total Gasoline,PTE,Retail Sales,EMM_EPM0_PTE_NUS_DPG,U.S. All Grades All Formulations Retail Gasoline Prices (Dollars per Gallon),2.321,$/GAL
2016-11-28,NUS,U.S.,EPM0,Total Gasoline,PTE,Retail Sales,EMM_EPM0_PTE_NUS_DPG,U.S. All Grades All Formulations Retail Gasoline Prices (Dollars per Gallon),2.268,$/GAL
2016-11-21,NUS,U.S.,EPM0,Total Gasoline,PTE,Retail Sales,EMM_EPM0_PTE_NUS_DPG,U.S. All Grades All Formulations Retail Gasoline Prices (Dollars per Gallon),2.269,$/GAL
2016-11-14,NUS,U.S.,EPM0,Total Gasoline,PTE,Retail Sales,EMM_EPM0_PTE_NUS_DPG,U.S. All Grades All Formulations Retail Gasoline Prices (Dollars per Gallon),2.298,$/GAL
2016-11-07,NUS,U.S.,EPM0,Total Gasoline,PTE,Retail Sales,EMM_EPM0_PTE_NUS_DPG,U.S. All Grades All Formulations Retail Gasoline Prices (Dollars per Gallon),2.345,$/GAL
2016-10-31,NUS,U.S.,EPM0,Total Gasoline,PTE,Retail Sales,EMM_EPM0_PTE_NUS_DPG,U.S. All Grades All Formulations Retail Gasoline Prices (Dollars per Gallon),2.341,$/GAL
2016-10-24,NUS,U.S.,EPM0,Total Gasoline,PTE,Retail Sales,EMM_EPM0_PTE_NUS_DPG,U.S. All Grades All Formulations Retail Gasoline Prices (Dollars per Gallon),2.353,$/GAL
2016-10-17,NUS,U.S.,EPM0,Total Gasoline,PTE,Retail Sales,EMM_EPM0_PTE_NUS_DPG,U.S. All Grades All Formulations Retail Gasoline Prices (Dollars per Gallon),2.367,$/GAL
2016-10-10,NUS,U.S.,EPM0,Total Gasoline,PTE,Retail Sales,EMM_EPM0_PTE_NUS_DPG,U.S. All Grades All Formulations Retail Gasoline Prices (Dollars per Gallon),2.381,$/GAL
2016-10-03,NUS,U.S.,EPM0,Total Gasoline,PTE,Retail Sales,EMM_EPM0_PTE_NUS_DPG,U.S. All Grades All Formulations Retail Gasoline Prices (Dollars per Gallon),2.354,$/GAL
2016-09-26,NUS,U.S.,EPM0,Total Gasoline,PTE,Retail Sales,EMM_EPM0_PTE_NUS_DPG,U.S. All Grades All Formulations Retail Gasoline Prices (Dollars per Gallon),2.334,$/GAL
2016-09-19,NUS,U.S.,EPM0,Total Gasoline,PTE,Retail Sales,EMM_EPM0_PTE_NUS_DPG,U.S. All Grades All Formulations Retail Gasoline Prices (Dollars per Gallon),2.333,$/GAL
2016-09-12,NUS,U.S.,EPM0,Total Gasoline,PTE,Retail Sales,EMM_EPM0_PTE_NUS_DPG,U.S. All Grades All Formulations Retail Gasoline Prices (Dollars per Gallon),2.31,$/GAL
2016-09-05,NUS,U.S.,EPM0,Total Gasoline,PTE,Retail Sales,EMM_EPM0_PTE_NUS_DPG,U.S. All Grades All Formulations Retail Gasoline Prices (Dollars per Gallon),2.329,$/GAL
2016-08-29,NUS,U.S.,EPM0,Total Gasoline,PTE,Retail Sales,EMM_EPM0_PTE_NUS_DPG,U.S. All Grades All Formulations Retail Gasoline Prices (Dollars per Gallon),2.341,$/GAL
2016-08-22,NUS,U.S.,EPM0,Total Gasoline,PTE,Retail Sales,EMM_EPM0_PTE_NUS_DPG,U.S. All Grades All Formulations Retail Gasoline Prices (Dollars per Gallon),2.299,$/GAL
2016-08-15,NUS,U.S.,EPM0,Total Gasoline,PTE,Retail Sales,EMM_EPM0_PTE_NUS_DPG,U.S. All Grades All Formulations Retail Gasoline Prices (Dollars per Gallon),2.256,$/GAL
2016-08-08,NUS,U.S.,EPM0,Total Gasoline,PTE,Retail Sales,EMM_EPM0_PTE_NUS_DPG,U.S. All Grades All Formulations Retail Gasoline Prices (Dollars per Gallon),2.256,$/GAL
2016-08-01,NUS,U.S.,EPM0,Total Gasoline,PTE,Retail Sales,EMM_EPM0_PTE_NUS_DPG,U.S. All Grades All Formulations Retail Gasoline Prices (Dollars per Gallon),2.267,$/GAL
2016-07-25,NUS,U.S.,EPM0,Total Gasoline,PTE,Retail Sales,EMM_EPM0_PTE_NUS_DPG,U.S. All Grades All Formulations Retail Gasoline Prices (Dollars per Gallon),2.289,$/GAL
2016-07-18,NUS,U.S.,EPM0,Total Gasoline,PTE,Retail Sales,EMM_EPM0_PTE_NUS_DPG,U.S. All Grades All Formulations Retail Gasoline Prices (Dollars per Gallon),2.336,$/GAL
2016-07-11,NUS,U.S.,EPM0,Total Gasoline,PTE,Retail Sales,EMM_EPM0_PTE_NUS_DPG,U.S. All Grades All Formulations Retail Gasoline Prices (Dollars per Gallon),2.359,$/GAL
2016-07-04,NUS,U.S.,EPM0,Total Gasoline,PTE,Retail Sales,EMM_EPM0_PTE_NUS_DPG,U.S. All Grades All Formulations Retail Gasoline Prices (Dollars per Gallon),2.396,$/GAL
2016-06-27,NUS,U.S.,EPM0,Total Gasoline,PTE,Retail Sales,EMM_EPM0_PTE_NUS_DPG,U.S. All Grades All Formulations Retail Gasoline Prices (Dollars per Gallon),2.432,$/GAL
2016-06-20,NUS,U.S.,EPM0,Total Gasoline,PTE,Retail Sales,EMM_EPM0_PTE_NUS_DPG,U.S. All Grades All Formulations Retail Gasoline Prices (Dollars per Gallon),2.455,$/GAL
2016-06-13,NUS,U.S.,EPM0,Total Gasoline,PTE,Retail Sales,EMM_EPM0_PTE_NUS_DPG,U.S. All Grades All Formulations Retail Gasoline Prices (Dollars per Gallon),2.499,$/GAL
2016-06-06,NUS,U.S.,EPM0,Total Gasoline,PTE,Retail Sales,EMM_EPM0_PTE_NUS_DPG,U.S. All Grades All Formulations Retail Gasoline Prices (Dollars per Gallon),2.482,$/GAL
2016-05-30,NUS,U.S.,EPM0,Total Gasoline,PTE,Retail Sales,EMM_EPM0_PTE_NUS_DPG,U.S. All Grades All Formulations Retail Gasoline Prices (Dollars per Gallon),2.44,$/GAL
2016-05-23,NUS,U.S.,EPM0,Total Gasoline,PTE,Retail Sales,EMM_EPM0_PTE_NUS_DPG,U.S. All Grades All Formulations Retail Gasoline Prices (Dollars per Gallon),2.403,$/GAL
2016-05-16,NUS,U.S.,EPM0,Total Gasoline,PTE,Retail Sales,EMM_EPM0_PTE_NUS_DPG,U.S. All Grades All Formulations Retail Gasoline Prices (Dollars per Gallon),2.345,$/GAL
2016-05-09,NUS,U.S.,EPM0,Total Gasoline,PTE,Retail Sales,EMM_EPM0_PTE_NUS_DPG,U.S. All Grades All Formulations Retail Gasoline Prices (Dollars per Gallon),2.325,$/GAL
2016-05-02,NUS,U.S.,EPM0,Total Gasoline,PTE,Retail Sales,EMM_EPM0_PTE_NUS_DPG,U.S. All Grades All Formulations Retail Gasoline Prices (Dollars per Gallon),2.342,$/GAL
2016-04-25,NUS,U.S.,EPM0,Total Gasoline,PTE,Retail Sales,EMM_EPM0_PTE_NUS_DPG,U.S. All Grades All Formulations Retail Gasoline Prices (Dollars per Gallon),2.265,$/GAL
2016-04-18,NUS,U.S.,EPM0,Total Gasoline,PTE,Retail Sales,EMM_EPM0_PTE_NUS_DPG,U.S. All Grades All Formulations Retail Gasoline Prices (Dollars per Gallon),2.24,$/GAL
2016-04-11,NUS,U.S.,EPM0,Total Gasoline,PTE,Retail Sales,EMM_EPM0_PTE_NUS_DPG,U.S. All Grades All Formulations Retail Gasoline Prices (Dollars per Gallon),2.173,$/GAL
2016-04-04,NUS,U.S.,EPM0,Total Gasoline,PTE,Retail Sales,EMM_EPM0_PTE_NUS_DPG,U.S. All Grades All Formulations Retail Gasoline Prices (Dollars per Gallon),2.185,$/GAL
2016-03-28,NUS,U.S.,EPM0,Total Gasoline,PTE,Retail Sales,EMM_EPM0_PTE_NUS_DPG,U.S. All Grades All Formulations Retail Gasoline Prices (Dollars per Gallon),2.169,$/GAL
2016-03-21,NUS,U.S.,EPM0,Total Gasoline,PTE,Retail Sales,EMM_EPM0_PTE_NUS_DPG,U.S. All Grades All Formulations Retail Gasoline Prices (Dollars per Gallon),2.109,$/GAL
2016-03-14,NUS,U.S.,EPM0,Total Gasoline,PTE,Retail Sales,EMM_EPM0_PTE_NUS_DPG,U.S. All Grades All Formulations Retail Gasoline Prices (Dollars per Gallon),2.062,$/GAL
2016-03-07,NUS,U.S.,EPM0,Total Gasoline,PTE,Retail Sales,EMM_EPM0_PTE_NUS_DPG,U.S. All Grades All Formulations Retail Gasoline Prices (Dollars per Gallon),1.943,$/GAL
2016-02-29,NUS,U.S.,EPM0,Total Gasoline,PTE,Retail Sales,EMM_EPM0_PTE_NUS_DPG,U.S. All Grades All Formulations Retail Gasoline Prices (Dollars per Gallon),1.887,$/GAL
2016-02-22,NUS,U.S.,EPM0,Total Gasoline,PTE,Retail Sales,EMM_EPM0_PTE_NUS_DPG,U.S. All Grades All Formulations Retail Gasoline Prices (Dollars per Gallon),1.837,$/GAL
2016-02-15,NUS,U.S.,EPM0,Total Gasoline,PTE,Retail Sales,EMM_EPM0_PTE_NUS_DPG,U.S. All Grades All Formulations Retail Gasoline Prices (Dollars per Gallon),1.834,$/GAL
2016-02-08,NUS,U.S.,EPM0,Total Gasoline,PTE,Retail Sales,EMM_EPM0_PTE_NUS_DPG,U.S. All Grades All Formulations Retail Gasoline Prices (Dollars per Gallon),1.87,$/GAL
2016-02-01,NUS,U.S.,EPM0,Total Gasoline,PTE,Retail Sales,EMM_EPM0_PTE_NUS_DPG,U.S. All Grades All Formulations Retail Gasoline Prices (Dollars per Gallon),1.932,$/GAL
2016-01-25,NUS,U.S.,EPM0,Total Gasoline,PTE,Retail Sales,EMM_EPM0_PTE_NUS_DPG,U.S. All Grades All Formulations Retail Gasoline Prices (Dollars per Gallon),1.965,$/GAL
2016-01-18,NUS,U.S.,EPM0,Total Gasoline,PTE,Retail Sales,EMM_EPM0_PTE_NUS_DPG,U.S. All Grades All Formulations Retail Gasoline Prices (Dollars per Gallon),2.022,$/GAL
2016-01-11,NUS,U.S.,EPM0,Total Gasoline,PTE,Retail Sales,EMM_EPM0_PTE_NUS_DPG,U.S. All Grades All Formulations Retail Gasoline Prices (Dollars per Gallon),2.104,$/GAL
2016-01-04,NUS,U.S.,EPM0,Total Gasoline,PTE,Retail Sales,EMM_EPM0_PTE_NUS_DPG,U.S. All Grades All Formulations Retail Gasoline Prices (Dollars per Gallon),2.135,$/GAL
2015-12-28,NUS,U.S.,EPM0,Total Gasoline,PTE,Retail Sales,EMM_EPM0_PTE_NUS_DPG,U.S. All Grades All Formulations Retail Gasoline Prices (Dollars per Gallon),2.141,$/GAL
2015-12-21,NUS,U.S.,EPM0,Total Gasoline,PTE,Retail Sales,EMM_EPM0_PTE_NUS_DPG,U.S. All Grades All Formulations Retail Gasoline Prices (Dollars per Gallon),2.133,$/GAL
2015-12-14,NUS,U.S.,EPM0,Total Gasoline,PTE,Retail Sales,EMM_EPM0_PTE_NUS_DPG,U.S. All Grades All Formulations Retail Gasoline Prices (Dollars per Gallon),2.144,$/GAL
2015-12-07,NUS,U.S.,EPM0,Total Gasoline,PTE,Retail Sales,EMM_EPM0_PTE_NUS_DPG,U.S. All Grades All Formulations Retail Gasoline Prices (Dollars per Gallon),2.159,$/GAL
2015-11-30,NUS,U.S.,EPM0,Total Gasoline,PTE,Retail Sales,EMM_EPM0_PTE_NUS_DPG,U.S. All Grades All Formulations Retail Gasoline Prices (Dollars per Gallon),2.165,$/GAL
2015-11-23,NUS,U.S.,EPM0,Total Gasoline,PTE,Retail Sales,EMM_EPM0_PTE_NUS_DPG,U.S. All Grades All Formulations Retail Gasoline Prices (Dollars per Gallon),2.198,$/GAL
2015-11-16,NUS,U.S.,EPM0,Total Gasoline,PTE,Retail Sales,EMM_EPM0_PTE_NUS_DPG,U.S. All Grades All Formulations Retail Gasoline Prices (Dollars per Gallon),2.281,$/GAL
2015-11-09,NUS,U.S.,EPM0,Total Gasoline,PTE,Retail Sales,EMM_EPM0_PTE_NUS_DPG,U.S. All Grades All Formulations Retail Gasoline Prices (Dollars per Gallon),2.335,$/GAL
2015-11-02,NUS,U.S.,EPM0,Total Gasoline,PTE,Retail Sales,EMM_EPM0_PTE_NUS_DPG,U.S. All Grades All Formulations Retail Gasoline Prices (Dollars per Gallon),2.322,$/GAL
2015-10-26,NUS,U.S.,EPM0,Total Gasoline,PTE,Retail Sales,EMM_EPM0_PTE_NUS_DPG,U.S. All Grades All Formulations Retail Gasoline Prices (Dollars per Gallon),2.326,$/GAL
2015-10-19,NUS,U.S.,EPM0,Total Gasoline,PTE,Retail Sales,EMM_EPM0_PTE_NUS_DPG,U.S. All Grades All Formulations Retail Gasoline Prices (Dollars per Gallon),2.374,$/GAL
2015-10-12,NUS,U.S.,EPM0,Total Gasoline,PTE,Retail Sales,EMM_EPM0_PTE_NUS_DPG,U.S. All Grades All Formulations Retail Gasoline Prices (Dollars per Gallon),2.432,$/GAL
2015-10-05,NUS,U.S.,EPM0,Total Gasoline,PTE,Retail Sales,EMM_EPM0_PTE_NUS_DPG,U.S. All Grades All Formulations Retail Gasoline Prices (Dollars per Gallon),2.415,$/GAL
2015-09-28,NUS,U.S.,EPM0,Total Gasoline,PTE,Retail Sales,EMM_EPM0_PTE_NUS_DPG,U.S. All Grades All Formulations Retail Gasoline Prices (Dollars per Gallon),2.418,$/GAL
2015-09-21,NUS,U.S.,EPM0,Total Gasoline,PTE,Retail Sales,EMM_EPM0_PTE_NUS_DPG,U.S. All Grades All Formulations Retail Gasoline Prices (Dollars per Gallon),2.425,$/GAL
2015-09-14,NUS,U.S.,EPM0,Total Gasoline,PTE,Retail Sales,EMM_EPM0_PTE_NUS_DPG,U.S. All Grades All Formulations Retail Gasoline Prices (Dollars per Gallon),2.471,$/GAL
2015-09-07,NUS,U.S.,EPM0,Total Gasoline,PTE,Retail Sales,EMM_EPM0_PTE_NUS_DPG,U.S. All Grades All Formulations Retail Gasoline Prices (Dollars per Gallon),2.532,$/GAL
2015-08-31,NUS,U.S.,EPM0,Total Gasoline,PTE,Retail Sales,EMM_EPM0_PTE_NUS_DPG,U.S. All Grades All Formulations Retail Gasoline Prices (Dollars per Gallon),2.602,$/GAL
2015-08-24,NUS,U.S.,EPM0,Total Gasoline,PTE,Retail Sales,EMM_EPM0_PTE_NUS_DPG,U.S. All Grades All Formulations Retail Gasoline Prices (Dollars per Gallon),2.726,$/GAL
2015-08-17,NUS,U.S.,EPM0,Total Gasoline,PTE,Retail Sales,EMM_EPM0_PTE_NUS_DPG,U.S. All Grades All Formulations Retail Gasoline Prices (Dollars per Gallon),2.803,$/GAL
2015-08-10,NUS,U.S.,EPM0,Total Gasoline,PTE,Retail Sales,EMM_EPM0_PTE_NUS_DPG,U.S. All Grades All Formulations Retail Gasoline Prices (Dollars per Gallon),2.72,$/GAL
2015-08-03,NUS,U.S.,EPM0,Total Gasoline,PTE,Retail Sales,EMM_EPM0_PTE_NUS_DPG,U.S. All Grades All Formulations Retail Gasoline Prices (Dollars per Gallon),2.779,$/GAL
2015-07-27,NUS,U.S.,EPM0,Total Gasoline,PTE,Retail Sales,EMM_EPM0_PTE_NUS_DPG,U.S. All Grades All Formulations Retail Gasoline Prices (Dollars per Gallon),2.833,$/GAL
2015-07-20,NUS,U.S.,EPM0,Total Gasoline,PTE,Retail Sales,EMM_EPM0_PTE_NUS_DPG,U.S. All Grades All Formulations Retail Gasoline Prices (Dollars per Gallon),2.888,$/GAL
2015-07-13,NUS,U.S.,EPM0,Total Gasoline,PTE,Retail Sales,EMM_EPM0_PTE_NUS_DPG,U.S. All Grades All Formulations Retail Gasoline Prices (Dollars per Gallon),2.92,$/GAL
2015-07-06,NUS,U.S.,EPM0,Total Gasoline,PTE,Retail Sales,EMM_EPM0_PTE_NUS_DPG,U.S. All Grades All Formulations Retail Gasoline Prices (Dollars per Gallon),2.877,$/GAL
2015-06-29,NUS,U.S.,EPM0,Total Gasoline,PTE,Retail Sales,EMM_EPM0_PTE_NUS_DPG,U.S. All Grades All Formulations Retail Gasoline Prices (Dollars per Gallon),2.885,$/GAL
2015-06-22,NUS,U.S.,EPM0,Total Gasoline,PTE,Retail Sales,EMM_EPM0_PTE_NUS_DPG,U.S. All Grades All Formulations Retail Gasoline Prices (Dollars per Gallon),2.895,$/GAL
2015-06-15,NUS,U.S.,EPM0,Total Gasoline,PTE,Retail Sales,EMM_EPM0_PTE_NUS_DPG,U.S. All Grades All Formulations Retail Gasoline Prices (Dollars per Gallon),2.918,$/GAL
2015-06-08,NUS,U.S.,EPM0,Total Gasoline,PTE,Retail Sales,EMM_EPM0_PTE_NUS_DPG,U.S. All Grades All Formulations Retail Gasoline Prices (Dollars per Gallon),2.863,$/GAL
2015-06-01,NUS,U.S.,EPM0,Total Gasoline,PTE,Retail Sales,EMM_EPM0_PTE_NUS_DPG,U.S. All Grades All Formulations Retail Gasoline Prices (Dollars per Gallon),2.863,$/GAL
2015-05-25,NUS,U.S.,EPM0,Total Gasoline,PTE,Retail Sales,EMM_EPM0_PTE_NUS_DPG,U.S. All Grades All Formulations Retail Gasoline Prices (Dollars per Gallon),2.857,$/GAL
2015-05-18,NUS,U.S.,EPM0,Total Gasoline,PTE,Retail Sales,EMM_EPM0_PTE_NUS_DPG,U.S. All Grades All Formulations Retail Gasoline Prices (Dollars per Gallon),2.827,$/GAL
2015-05-11,NUS,U.S.,EPM0,Total Gasoline,PTE,Retail Sales,EMM_EPM0_PTE_NUS_DPG,U.S. All Grades All Formulations Retail Gasoline Prices (Dollars per Gallon),2.776,$/GAL
2015-05-04,NUS,U.S.,EPM0,Total Gasoline,PTE,Retail Sales,EMM_EPM0_PTE_NUS_DPG,U.S. All Grades All Formulations Retail Gasoline Prices (Dollars per Gallon),2.749,$/GAL
2015-04-27,NUS,U.S.,EPM0,Total Gasoline,PTE,Retail Sales,EMM_EPM0_PTE_NUS_DPG,U.S. All Grades All Formulations Retail Gasoline Prices (Dollars per Gallon),2.656,$/GAL
2015-04-20,NUS,U.S.,EPM0,Total Gasoline,PTE,Retail Sales,EMM_EPM0_PTE_NUS_DPG,U.S. All Grades All Formulations Retail Gasoline Prices (Dollars per Gallon),2.57,$/GAL
2015-04-13,NUS,U.S.,EPM0,Total Gasoline,PTE,Retail Sales,EMM_EPM0_PTE_NUS_DPG,U.S. All Grades All Formulations Retail Gasoline Prices (Dollars per Gallon),2.494,$/GAL
2015-04-06,NUS,U.S.,EPM0,Total Gasoline,PTE,Retail Sales,EMM_EPM0_PTE_NUS_DPG,U.S. All Grades All Formulations Retail Gasoline Prices (Dollars per Gallon),2.499,$/GAL
2015-03-30,NUS,U.S.,EPM0,Total Gasoline,PTE,Retail Sales,EMM_EPM0_PTE_NUS_DPG,U.S. All Grades All Formulations Retail Gasoline Prices (Dollars per Gallon),2.531,$/GAL
2015-03-23,NUS,U.S.,EPM0,Total Gasoline,PTE,Retail Sales,EMM_EPM0_PTE_NUS_DPG,U.S. All Grades All Formulations Retail Gasoline Prices (Dollars per Gallon),2.538,$/GAL
2015-03-16,NUS,U.S.,EPM0,Total Gasoline,PTE,Retail Sales,EMM_EPM0_PTE_NUS_DPG,U.S. All Grades All Formulations Retail Gasoline Prices (Dollars per Gallon),2.537,$/GAL
2015-03-09,NUS,U.S.,EPM0,Total Gasoline,PTE,Retail Sales,EMM_EPM0_PTE_NUS_DPG,U.S. All Grades All Formulations Retail Gasoline Prices (Dollars per Gallon),2.57,$/GAL
2015-03-02,NUS,U.S.,EPM0,Total Gasoline,PTE,Retail Sales,EMM_EPM0_PTE_NUS_DPG,U.S. All Grades All Formulations Retail Gasoline Prices (Dollars per Gallon),2.556,$/GAL
2015-02-23,NUS,U.S.,EPM0,Total Gasoline,PTE,Retail Sales,EMM_EPM0_PTE_NUS_DPG,U.S. All Grades All Formulations Retail Gasoline Prices (Dollars per Gallon),2.415,$/GAL
2015-02-16,NUS,U.S.,EPM0,Total Gasoline,PTE,Retail Sales,EMM_EPM0_PTE_NUS_DPG,U.S. All Grades All Formulations Retail Gasoline Prices (Dollars per Gallon),2.358,$/GAL
2015-02-09,NUS,U.S.,EPM0,Total Gasoline,PTE,Retail Sales,EMM_EPM0_PTE_NUS_DPG,U.S. All Grades All Formulations Retail Gasoline Prices (Dollars per Gallon),2.276,$/GAL
2015-02-02,NUS,U.S.,EPM0,Total Gasoline,PTE,Retail Sales,EMM_EPM0_PTE_NUS_DPG,U.S. All Grades All Formulations Retail Gasoline Prices (Dollars per Gallon),2.154,$/GAL
2015-01-26,NUS,U.S.,EPM0,Total Gasoline,PTE,Retail Sales,EMM_EPM0_PTE_NUS_DPG,U.S. All Grades All Formulations Retail Gasoline Prices (Dollars per Gallon),2.133,$/GAL
2015-01-19,NUS,U.S.,EPM0,Total Gasoline,PTE,Retail Sales,EMM_EPM0_PTE_NUS_DPG,U.S. All Grades All Formulations Retail Gasoline Prices (Dollars per Gallon),2.157,$/GAL
2015-01-12,NUS,U.S.,EPM0,Total Gasoline,PTE,Retail Sales,EMM_EPM0_PTE_NUS_DPG,U.S. All Grades All Formulations Retail Gasoline Prices (Dollars per Gallon),2.232,$/GAL
2015-01-05,NUS,U.S.,EPM0,Total Gasoline,PTE,Retail Sales,EMM_EPM0_PTE_NUS_DPG,U.S. All Grades All Formulations Retail Gasoline Prices (Dollars per Gallon),2.308,$/GAL
2014-12-29,NUS,U.S.,EPM0,Total Gasoline,PTE,Retail Sales,EMM_EPM0_PTE_NUS_DPG,U.S. All Grades All Formulations Retail Gasoline Prices (Dollars per Gallon),2.392,$/GAL
2014-12-22,NUS,U.S.,EPM0,Total Gasoline,PTE,Retail Sales,EMM_EPM0_PTE_NUS_DPG,U.S. All Grades All Formulations Retail Gasoline Prices (Dollars per Gallon),2.496,$/GAL
2014-12-15,NUS,U.S.,EPM0,Total Gasoline,PTE,Retail Sales,EMM_EPM0_PTE_NUS_DPG,U.S. All Grades All Formulations Retail Gasoline Prices (Dollars per Gallon),2.643,$/GAL
2014-12-08,NUS,U.S.,EPM0,Total Gasoline,PTE,Retail Sales,EMM_EPM0_PTE_NUS_DPG,U.S. All Grades All Formulations Retail Gasoline Prices (Dollars per Gallon),2.767,$/GAL
2014-12-01,NUS,U.S.,EPM0,Total Gasoline,PTE,Retail Sales,EMM_EPM0_PTE_NUS_DPG,U.S. All Grades All Formulations Retail Gasoline Prices (Dollars per Gallon),2.864,$/GAL
2014-11-24,NUS,U.S.,EPM0,Total Gasoline,PTE,Retail Sales,EMM_EPM0_PTE_NUS_DPG,U.S. All Grades All Formulations Retail Gasoline Prices (Dollars per Gallon),2.907,$/GAL
2014-11-17,NUS,U.S.,EPM0,Total Gasoline,PTE,Retail Sales,EMM_EPM0_PTE_NUS_DPG,U.S. All Grades All Formulations Retail Gasoline Prices (Dollars per Gallon),2.978,$/GAL
2014-11-10,NUS,U.S.,EPM0,Total Gasoline,PTE,Retail Sales,EMM_EPM0_PTE_NUS_DPG,U.S. All Grades All Formulations Retail Gasoline Prices (Dollars per Gallon),3.025,$/GAL
2014-11-03,NUS,U.S.,EPM0,Total Gasoline,PTE,Retail Sales,EMM_EPM0_PTE_NUS_DPG,U.S. All Grades All Formulations Retail Gasoline Prices (Dollars per Gallon),3.077,$/GAL
2014-10-27,NUS,U.S.,EPM0,Total Gasoline,PTE,Retail Sales,EMM_EPM0_PTE_NUS_DPG,U.S. All Grades All Formulations Retail Gasoline Prices (Dollars per Gallon),3.139,$/GAL
2014-10-20,NUS,U.S.,EPM0,Total Gasoline,PTE,Retail Sales,EMM_EPM0_PTE_NUS_DPG,U.S. All Grades All Formulations Retail Gasoline Prices (Dollars per Gallon),3.205,$/GAL
2014-10-13,NUS,U.S.,EPM0,Total Gasoline,PTE,Retail Sales,EMM_EPM0_PTE_NUS_DPG,U.S. All Grades All Formulations Retail Gasoline Prices (Dollars per Gallon),3.292,$/GAL
2014-10-06,NUS,U.S.,EPM0,Total Gasoline,PTE,Retail Sales,EMM_EPM0_PTE_NUS_DPG,U.S. All Grades All Formulations Retail Gasoline Prices (Dollars per Gallon),3.382,$/GAL
2014-09-29,NUS,U.S.,EPM0,Total Gasoline,PTE,Retail Sales,EMM_EPM0_PTE_NUS_DPG,U.S. All Grades All Formulations Retail Gasoline Prices (Dollars per Gallon),3.434,$/GAL
2014-09-22,NUS,U.S.,EPM0,Total Gasoline,PTE,Retail Sales,EMM_EPM0_PTE_NUS_DPG,U.S. All Grades All Formulations Retail Gasoline Prices (Dollars per Gallon),3.432,$/GAL
2014-09-15,NUS,U.S.,EPM0,Total Gasoline,PTE,Retail Sales,EMM_EPM0_PTE_NUS_DPG,U.S. All Grades All Formulations Retail Gasoline Prices (Dollars per Gallon),3.485,$/GAL
2014-09-08,NUS,U.S.,EPM0,Total Gasoline,PTE,Retail Sales,EMM_EPM0_PTE_NUS_DPG,U.S. All Grades All Formulations Retail Gasoline Prices (Dollars per Gallon),3.534,$/GAL
2014-09-01,NUS,U.S.,EPM0,Total Gasoline,PTE,Retail Sales,EMM_EPM0_PTE_NUS_DPG,U.S. All Grades All Formulations Retail Gasoline Prices (Dollars per Gallon),3.536,$/GAL
2014-08-25,NUS,U.S.,EPM0,Total Gasoline,PTE,Retail Sales,EMM_EPM0_PTE_NUS_DPG,U.S. All Grades All Formulations Retail Gasoline Prices (Dollars per Gallon),3.532,$/GAL
2014-08-18,NUS,U.S.,EPM0,Total Gasoline,PTE,Retail Sales,EMM_EPM0_PTE_NUS_DPG,U.S. All Grades All Formulations Retail Gasoline Prices (Dollars per Gallon),3.549,$/GAL
2014-08-11,NUS,U.S.,EPM0,Total Gasoline,PTE,Retail Sales,EMM_EPM0_PTE_NUS_DPG,U.S. All Grades All Formulations Retail Gasoline Prices (Dollars per Gallon),3.582,$/GAL
2014-08-04,NUS,U.S.,EPM0,Total Gasoline,PTE,Retail Sales,EMM_EPM0_PTE_NUS_DPG,U.S. All Grades All Formulations Retail Gasoline Prices (Dollars per Gallon),3.595,$/GAL
2014-07-28,NUS,U.S.,EPM0,Total Gasoline,PTE,Retail Sales,EMM_EPM0_PTE_NUS_DPG,U.S. All Grades All Formulations Retail Gasoline Prices (Dollars per Gallon),3.617,$/GAL
2014-07-21,NUS,U.S.,EPM0,Total Gasoline,PTE,Retail Sales,EMM_EPM0_PTE_NUS_DPG,U.S. All Grades All Formulations Retail Gasoline Prices (Dollars per Gallon),3.671,$/GAL
2014-07-14,NUS,U.S.,EPM0,Total Gasoline,PTE,Retail Sales,EMM_EPM0_PTE_NUS_DPG,U.S. All Grades All Formulations Retail Gasoline Prices (Dollars per Gallon),3.712,$/GAL
2014-07-07,NUS,U.S.,EPM0,Total Gasoline,PTE,Retail Sales,EMM_EPM0_PTE_NUS_DPG,U.S. All Grades All Formulations Retail Gasoline Prices (Dollars per Gallon),3.753,$/GAL
2014-06-30,NUS,U.S.,EPM0,Total Gasoline,PTE,Retail Sales,EMM_EPM0_PTE_NUS_DPG,U.S. All Grades All Formulations Retail Gasoline Prices (Dollars per Gallon),3.778,$/GAL
2014-06-23,NUS,U.S.,EPM0,Total Gasoline,PTE,Retail Sales,EMM_EPM0_PTE_NUS_DPG,U.S. All Grades All Formulations Retail Gasoline Prices (Dollars per Gallon),3.778,$/GAL
2014-06-16,NUS,U.S.,EPM0,Total Gasoline,PTE,Retail Sales,EMM_EPM0_PTE_NUS_DPG,U.S. All Grades All Formulations Retail Gasoline Prices (Dollars per Gallon),3.76,$/GAL
2014-06-09,NUS,U.S.,EPM0,Total Gasoline,PTE,Retail Sales,EMM_EPM0_PTE_NUS_DPG,U.S. All Grades All Formulations Retail Gasoline Prices (Dollars per Gallon),3.749,$/GAL
2014-06-02,NUS,U.S.,EPM0,Total Gasoline,PTE,Retail Sales,EMM_EPM0_PTE_NUS_DPG,U.S. All Grades All Formulations Retail Gasoline Prices (Dollars per Gallon),3.765,$/GAL
2014-05-26,NUS,U.S.,EPM0,Total Gasoline,PTE,Retail Sales,EMM_EPM0_PTE_NUS_DPG,U.S. All Grades All Formulations Retail Gasoline Prices (Dollars per Gallon),3.75,$/GAL
2014-05-19,NUS,U.S.,EPM0,Total Gasoline,PTE,Retail Sales,EMM_EPM0_PTE_NUS_DPG,U.S. All Grades All Formulations Retail Gasoline Prices (Dollars per Gallon),3.743,$/GAL
2014-05-12,NUS,U.S.,EPM0,Total Gasoline,PTE,Retail Sales,EMM_EPM0_PTE_NUS_DPG,U.S. All Grades All Formulations Retail Gasoline Prices (Dollars per Gallon),3.746,$/GAL
2014-05-05,NUS,U.S.,EPM0,Total Gasoline,PTE,Retail Sales,EMM_EPM0_PTE_NUS_DPG,U.S. All Grades All Formulations Retail Gasoline Prices (Dollars per Gallon),3.761,$/GAL
2014-04-28,NUS,U.S.,EPM0,Total Gasoline,PTE,Retail Sales,EMM_EPM0_PTE_NUS_DPG,U.S. All Grades All Formulations Retail Gasoline Prices (Dollars per Gallon),3.788,$/GAL
2014-04-21,NUS,U.S.,EPM0,Total Gasoline,PTE,Retail Sales,EMM_EPM0_PTE_NUS_DPG,U.S. All Grades All Formulations Retail Gasoline Prices (Dollars per Gallon),3.758,$/GAL
2014-04-14,NUS,U.S.,EPM0,Total Gasoline,PTE,Retail Sales,EMM_EPM0_PTE_NUS_DPG,U.S. All Grades All Formulations Retail Gasoline Prices (Dollars per Gallon),3.725,$/GAL
2014-04-07,NUS,U.S.,EPM0,Total Gasoline,PTE,Retail Sales,EMM_EPM0_PTE_NUS_DPG,U.S. All Grades All Formulations Retail Gasoline Prices (Dollars per Gallon),3.67,$/GAL
2014-03-31,NUS,U.S.,EPM0,Total Gasoline,PTE,Retail Sales,EMM_EPM0_PTE_NUS_DPG,U.S. All Grades All Formulations Retail Gasoline Prices (Dollars per Gallon),3.651,$/GAL
2014-03-24,NUS,U.S.,EPM0,Total Gasoline,PTE,Retail Sales,EMM_EPM0_PTE_NUS_DPG,U.S. All Grades All Formulations Retail Gasoline Prices (Dollars per Gallon),3.622,$/GAL
2014-03-17,NUS,U.S.,EPM0,Total Gasoline,PTE,Retail Sales,EMM_EPM0_PTE_NUS_DPG,U.S. All Grades All Formulations Retail Gasoline Prices (Dollars per Gallon),3.619,$/GAL
2014-03-10,NUS,U.S.,EPM0,Total Gasoline,PTE,Retail Sales,EMM_EPM0_PTE_NUS_DPG,U.S. All Grades All Formulations Retail Gasoline Prices (Dollars per Gallon),3.584,$/GAL
2014-03-03,NUS,U.S.,EPM0,Total Gasoline,PTE,Retail Sales,EMM_EPM0_PTE_NUS_DPG,U.S. All Grades All Formulations Retail Gasoline Prices (Dollars per Gallon),3.553,$/GAL
2014-02-24,NUS,U.S.,EPM0,Total Gasoline,PTE,Retail Sales,EMM_EPM0_PTE_NUS_DPG,U.S. All Grades All Formulations Retail Gasoline Prices (Dollars per Gallon),3.52,$/GAL
2014-02-17,NUS,U.S.,EPM0,Total Gasoline,PTE,Retail Sales,EMM_EPM0_PTE_NUS_DPG,U.S. All Grades All Formulations Retail Gasoline Prices (Dollars per Gallon),3.457,$/GAL
2014-02-10,NUS,U.S.,EPM0,Total Gasoline,PTE,Retail Sales,EMM_EPM0_PTE_NUS_DPG,U.S. All Grades All Formulations Retail Gasoline Prices (Dollars per Gallon),3.388,$/GAL
2014-02-03,NUS,U.S.,EPM0,Total Gasoline,PTE,Retail Sales,EMM_EPM0_PTE_NUS_DPG,U.S. All Grades All Formulations Retail Gasoline Prices (Dollars per Gallon),3.372,$/GAL
2014-01-27,NUS,U.S.,EPM0,Total Gasoline,PTE,Retail Sales,EMM_EPM0_PTE_NUS_DPG,U.S. All Grades All Formulations Retail Gasoline Prices (Dollars per Gallon),3.375,$/GAL
2014-01-20,NUS,U.S.,EPM0,Total Gasoline,PTE,Retail Sales,EMM_EPM0_PTE_NUS_DPG,U.S. All Grades All Formulations Retail Gasoline Prices (Dollars per Gallon),3.376,$/GAL
2014-01-13,NUS,U.S.,EPM0,Total Gasoline,PTE,Retail Sales,EMM_EPM0_PTE_NUS_DPG,U.S. All Grades All Formulations Retail Gasoline Prices (Dollars per Gallon),3.406,$/GAL
2014-01-06,NUS,U.S.,EPM0,Total Gasoline,PTE,Retail Sales,EMM_EPM0_PTE_NUS_DPG,U.S. All Grades All Formulations Retail Gasoline Prices (Dollars per Gallon),3.411,$/GAL
